-- MySQL dump 10.13  Distrib 8.0.21, for Linux (x86_64)
--
-- Host: localhost    Database: OpenSourceEngDB
-- ------------------------------------------------------
-- Server version	8.0.21

/*!40101 SET @OLD_CHARACTER_SET_CLIENT=@@CHARACTER_SET_CLIENT */;
/*!40101 SET @OLD_CHARACTER_SET_RESULTS=@@CHARACTER_SET_RESULTS */;
/*!40101 SET @OLD_COLLATION_CONNECTION=@@COLLATION_CONNECTION */;
/*!50503 SET NAMES utf8mb4 */;
/*!40103 SET @OLD_TIME_ZONE=@@TIME_ZONE */;
/*!40103 SET TIME_ZONE='+00:00' */;
/*!40014 SET @OLD_UNIQUE_CHECKS=@@UNIQUE_CHECKS, UNIQUE_CHECKS=0 */;
/*!40014 SET @OLD_FOREIGN_KEY_CHECKS=@@FOREIGN_KEY_CHECKS, FOREIGN_KEY_CHECKS=0 */;
/*!40101 SET @OLD_SQL_MODE=@@SQL_MODE, SQL_MODE='NO_AUTO_VALUE_ON_ZERO' */;
/*!40111 SET @OLD_SQL_NOTES=@@SQL_NOTES, SQL_NOTES=0 */;

--
-- Table structure for table `ACCIDENTS`
--

DROP TABLE IF EXISTS `ACCIDENTS`;
/*!40101 SET @saved_cs_client     = @@character_set_client */;
/*!50503 SET character_set_client = utf8mb4 */;
CREATE TABLE `ACCIDENTS` (
  `ID` int NOT NULL AUTO_INCREMENT,
  `PATIENT_ID` int NOT NULL DEFAULT '0',
  `ACCIDENT_DATE_TIME` datetime DEFAULT NULL,
  `ACCIDENT_CODE` varchar(50) DEFAULT NULL,
  `ACCIDENT_LOCATION` varchar(50) DEFAULT NULL,
  `AUTO_ACCIDENT_STATE` varchar(50) DEFAULT NULL,
  `ACCIDENT_JOB_RELATED_INDICATOR` char(50) DEFAULT NULL,
  `ACCIDENT_DEATH_INDICATOR` char(50) DEFAULT NULL,
  `ENTERED_BY` varchar(50) DEFAULT NULL,
  `ACCIDENT_DESCRIPTION` varchar(50) DEFAULT NULL,
  `BROUGHT_IN_BY` varchar(50) DEFAULT NULL,
  `POLICE_NOTIFIED_INDICATOR` char(50) DEFAULT NULL,
  `ACCIDENT_ADDRESS` varchar(50) DEFAULT NULL,
  `DEGREE_OF_PATIENT_LIABILITY` double DEFAULT NULL,
  `ACCIDENT_IDENTIFIER` varchar(50) DEFAULT NULL,
  PRIMARY KEY (`ID`)
) ENGINE=InnoDB DEFAULT CHARSET=utf8mb4 COLLATE=utf8mb4_0900_ai_ci;
/*!40101 SET character_set_client = @saved_cs_client */;

--
-- Dumping data for table `ACCIDENTS`
--

LOCK TABLES `ACCIDENTS` WRITE;
/*!40000 ALTER TABLE `ACCIDENTS` DISABLE KEYS */;
/*!40000 ALTER TABLE `ACCIDENTS` ENABLE KEYS */;
UNLOCK TABLES;

--
-- Table structure for table `ADDRESSES`
--

DROP TABLE IF EXISTS `ADDRESSES`;
/*!40101 SET @saved_cs_client     = @@character_set_client */;
/*!50503 SET character_set_client = utf8mb4 */;
CREATE TABLE `ADDRESSES` (
  `ADDRESSID` int NOT NULL AUTO_INCREMENT,
  `PATIENTID` int DEFAULT NULL,
  `STREETADDRESS` varchar(50) DEFAULT NULL,
  `OTHERDESIGNATION` varchar(50) DEFAULT NULL,
  `CITY` varchar(50) DEFAULT NULL,
  `STATEORPROVINCE` varchar(50) DEFAULT NULL,
  `ZIPORPOSTALCODE` varchar(50) DEFAULT NULL,
  `COUNTRY` varchar(50) DEFAULT NULL,
  `ADDRESSTYPE` varchar(50) DEFAULT NULL,
  `OTHERGEOGRAPHICDESIGNATION` varchar(50) DEFAULT NULL,
  `COUNTYORPARISHCODE` varchar(50) DEFAULT NULL,
  `CENSUSTRACT` varchar(50) DEFAULT NULL,
  `ADDRESSREPRESENTATIONCODE` varchar(50) DEFAULT NULL,
  `ADDRESSVALIDITYRANGE` varchar(50) DEFAULT NULL,
  `EFFECTIVEDATE` varchar(50) DEFAULT NULL,
  `EXPIRATIONDATE` varchar(50) DEFAULT NULL,
  `EXPIRATIONREASON` varchar(50) DEFAULT NULL,
  `TEMPORARYINDICATOR` varchar(50) DEFAULT NULL,
  `BADADDRESSINDICATOR` varchar(50) DEFAULT NULL,
  `ADDRESSUSAGE` varchar(50) DEFAULT NULL,
  `ADDRESSEE` varchar(50) DEFAULT NULL,
  `COMMENT` varchar(50) DEFAULT NULL,
  `PREFERENCEORDER` varchar(50) DEFAULT NULL,
  `PROTECTIONCODE` varchar(50) DEFAULT NULL,
  PRIMARY KEY (`ADDRESSID`)
) ENGINE=InnoDB AUTO_INCREMENT=57 DEFAULT CHARSET=utf8mb4 COLLATE=utf8mb4_0900_ai_ci;
/*!40101 SET character_set_client = @saved_cs_client */;

--
-- Dumping data for table `ADDRESSES`
--

LOCK TABLES `ADDRESSES` WRITE;
/*!40000 ALTER TABLE `ADDRESSES` DISABLE KEYS */;
/*!40000 ALTER TABLE `ADDRESSES` ENABLE KEYS */;
UNLOCK TABLES;

--
-- Table structure for table `APPOINTMENTS_INFORMATION`
--

DROP TABLE IF EXISTS `APPOINTMENTS_INFORMATION`;
/*!40101 SET @saved_cs_client     = @@character_set_client */;
/*!50503 SET character_set_client = utf8mb4 */;
CREATE TABLE `APPOINTMENTS_INFORMATION` (
  `ID` int NOT NULL AUTO_INCREMENT,
  `RESOURCE_GROUP_ID` int DEFAULT NULL,
  `SEGMENT_ACTION_CODE` varchar(50) DEFAULT NULL,
  `UNIVERSAL_SERVICE_IDENTIFIER` varchar(50) DEFAULT NULL,
  `START_DATE_TIME` datetime DEFAULT NULL,
  `START_DATE_TIME_OFFSET` varchar(50) DEFAULT NULL,
  `START_DATE_TIME_OFFSET_UNITS` varchar(50) DEFAULT NULL,
  `DURATION` varchar(50) DEFAULT NULL,
  `DURATION_UNITS` varchar(50) DEFAULT NULL,
  `ALLOW_SUBSTITUTION_CODE` varchar(50) DEFAULT NULL,
  `FILLER_STATUS_CODE` varchar(50) DEFAULT NULL,
  `PLACER_SUPLEMENTAL_SERVICE_INFORMATION` varchar(50) DEFAULT NULL,
  `FILLER_SUPLEMENTAL_SERVICE_INFORMATION` varchar(50) DEFAULT NULL,
  `SOURCE_OF_COMMENT` varchar(50) DEFAULT NULL,
  `COMMENT` varchar(50) DEFAULT NULL,
  `COMMENT_TYPE` varchar(50) DEFAULT NULL,
  PRIMARY KEY (`ID`)
) ENGINE=InnoDB AUTO_INCREMENT=21 DEFAULT CHARSET=utf8mb4 COLLATE=utf8mb4_0900_ai_ci;
/*!40101 SET character_set_client = @saved_cs_client */;

--
-- Dumping data for table `APPOINTMENTS_INFORMATION`
--

LOCK TABLES `APPOINTMENTS_INFORMATION` WRITE;
/*!40000 ALTER TABLE `APPOINTMENTS_INFORMATION` DISABLE KEYS */;
/*!40000 ALTER TABLE `APPOINTMENTS_INFORMATION` ENABLE KEYS */;
UNLOCK TABLES;

--
-- Table structure for table `APPOINTMENTS_INFORMATION_GENERAL_RESOURCES`
--

DROP TABLE IF EXISTS `APPOINTMENTS_INFORMATION_GENERAL_RESOURCES`;
/*!40101 SET @saved_cs_client     = @@character_set_client */;
/*!50503 SET character_set_client = utf8mb4 */;
CREATE TABLE `APPOINTMENTS_INFORMATION_GENERAL_RESOURCES` (
  `ID` int NOT NULL AUTO_INCREMENT,
  `RESOURCE_GROUP_ID` int DEFAULT NULL,
  `RESOURCE_ID` varchar(50) DEFAULT NULL,
  `RESOURCE_TYPE` varchar(50) DEFAULT NULL,
  `RESOURCE_GROUP` varchar(50) DEFAULT NULL,
  `RESOURCE_QUANTITY` varchar(50) DEFAULT NULL,
  `RESOURCE_QUANTITY_UNITS` varchar(50) DEFAULT NULL,
  `START_DATE_TIME` datetime DEFAULT NULL,
  `START_DATE_TIME_OFFSET` varchar(50) DEFAULT NULL,
  `START_DATE_TIME_OFFSET_UNITS` varchar(50) DEFAULT NULL,
  `DURATION` varchar(50) DEFAULT NULL,
  `DURATION_UNITS` varchar(50) DEFAULT NULL,
  `ALLOW_SUBSTITUTION_CODE` varchar(50) DEFAULT NULL,
  `FILLER_STATUS_CODE` varchar(50) DEFAULT NULL,
  `SOURCE_OF_COMMENT` varchar(50) DEFAULT NULL,
  `COMMENT` varchar(50) DEFAULT NULL,
  `COMMENT_TYPE` varchar(50) DEFAULT NULL,
  PRIMARY KEY (`ID`)
) ENGINE=InnoDB AUTO_INCREMENT=17 DEFAULT CHARSET=utf8mb4 COLLATE=utf8mb4_0900_ai_ci;
/*!40101 SET character_set_client = @saved_cs_client */;

--
-- Dumping data for table `APPOINTMENTS_INFORMATION_GENERAL_RESOURCES`
--

LOCK TABLES `APPOINTMENTS_INFORMATION_GENERAL_RESOURCES` WRITE;
/*!40000 ALTER TABLE `APPOINTMENTS_INFORMATION_GENERAL_RESOURCES` DISABLE KEYS */;
/*!40000 ALTER TABLE `APPOINTMENTS_INFORMATION_GENERAL_RESOURCES` ENABLE KEYS */;
UNLOCK TABLES;

--
-- Table structure for table `APPOINTMENTS_INFORMATION_LOCATION_RESOURCES`
--

DROP TABLE IF EXISTS `APPOINTMENTS_INFORMATION_LOCATION_RESOURCES`;
/*!40101 SET @saved_cs_client     = @@character_set_client */;
/*!50503 SET character_set_client = utf8mb4 */;
CREATE TABLE `APPOINTMENTS_INFORMATION_LOCATION_RESOURCES` (
  `ID` int NOT NULL AUTO_INCREMENT,
  `RESOURCE_GROUP_ID` int NOT NULL,
  `SEGMENT_ACTION_CODE` varchar(50) DEFAULT NULL,
  `LOCATION_RESOURCE_ID` varchar(50) DEFAULT NULL,
  `LOCATION_TYPE_AIL` varchar(50) DEFAULT NULL,
  `LOCATION_GROUP` varchar(50) DEFAULT NULL,
  `START_DATE_TIME` datetime DEFAULT NULL,
  `START_DATE_TIME_OFFSET` varchar(50) DEFAULT NULL,
  `START_DATE_TIME_OFFSET_UNITS` varchar(50) DEFAULT NULL,
  `DURATION` varchar(50) DEFAULT NULL,
  `DURATION_UNITS` varchar(50) DEFAULT NULL,
  `ALLOW_SUBSTITUTION_CODE` varchar(50) DEFAULT NULL,
  `FILLER_STATUS_CODE` varchar(50) DEFAULT NULL,
  `SOURCE_OF_COMMENT` varchar(50) DEFAULT NULL,
  `COMMENT` varchar(50) DEFAULT NULL,
  `COMMENT_TYPE` varchar(50) DEFAULT NULL,
  PRIMARY KEY (`ID`)
) ENGINE=InnoDB AUTO_INCREMENT=15 DEFAULT CHARSET=utf8mb4 COLLATE=utf8mb4_0900_ai_ci;
/*!40101 SET character_set_client = @saved_cs_client */;

--
-- Dumping data for table `APPOINTMENTS_INFORMATION_LOCATION_RESOURCES`
--

LOCK TABLES `APPOINTMENTS_INFORMATION_LOCATION_RESOURCES` WRITE;
/*!40000 ALTER TABLE `APPOINTMENTS_INFORMATION_LOCATION_RESOURCES` DISABLE KEYS */;
/*!40000 ALTER TABLE `APPOINTMENTS_INFORMATION_LOCATION_RESOURCES` ENABLE KEYS */;
UNLOCK TABLES;

--
-- Table structure for table `APPOINTMENTS_INFORMATION_PERSONNEL_RESOURCES`
--

DROP TABLE IF EXISTS `APPOINTMENTS_INFORMATION_PERSONNEL_RESOURCES`;
/*!40101 SET @saved_cs_client     = @@character_set_client */;
/*!50503 SET character_set_client = utf8mb4 */;
CREATE TABLE `APPOINTMENTS_INFORMATION_PERSONNEL_RESOURCES` (
  `ID` int NOT NULL AUTO_INCREMENT,
  `RESOURCE_GROUP_ID` int NOT NULL,
  `SEGMENT_ACTION_CODE` varchar(50) NOT NULL DEFAULT '',
  `PERSONNEL_RESOURCE_ID` varchar(50) CHARACTER SET utf8mb4 COLLATE utf8mb4_0900_ai_ci NOT NULL DEFAULT '',
  `RESOURCE_TYPE` varchar(50) NOT NULL DEFAULT '',
  `RESOURCE_GROUP` varchar(50) NOT NULL DEFAULT '',
  `START_DATE_TIME` datetime NOT NULL,
  `START_DATE_TIME_OFFSET` varchar(50) NOT NULL DEFAULT '0',
  `START_DATE_TIME_OFFSET_UNITS` varchar(50) NOT NULL DEFAULT '0',
  `DURATION` varchar(50) NOT NULL DEFAULT '0',
  `DURATION_UNITS` varchar(50) NOT NULL DEFAULT '0',
  `ALLOW_SUBSTITUTION_CODE` varchar(50) NOT NULL DEFAULT '0',
  `FILLER_STATUS_CODE` varchar(50) NOT NULL DEFAULT '0',
  `SOURCE_OF_COMMENT` varchar(50) NOT NULL DEFAULT '0',
  `COMMENT` varchar(50) NOT NULL DEFAULT '0',
  `COMMENT_TYPE` varchar(50) NOT NULL DEFAULT '0',
  PRIMARY KEY (`ID`)
) ENGINE=InnoDB AUTO_INCREMENT=12 DEFAULT CHARSET=utf8mb4 COLLATE=utf8mb4_0900_ai_ci;
/*!40101 SET character_set_client = @saved_cs_client */;

--
-- Dumping data for table `APPOINTMENTS_INFORMATION_PERSONNEL_RESOURCES`
--

LOCK TABLES `APPOINTMENTS_INFORMATION_PERSONNEL_RESOURCES` WRITE;
/*!40000 ALTER TABLE `APPOINTMENTS_INFORMATION_PERSONNEL_RESOURCES` DISABLE KEYS */;
/*!40000 ALTER TABLE `APPOINTMENTS_INFORMATION_PERSONNEL_RESOURCES` ENABLE KEYS */;
UNLOCK TABLES;

--
-- Table structure for table `AUTHORIZATION_INFORMATION`
--

DROP TABLE IF EXISTS `AUTHORIZATION_INFORMATION`;
/*!40101 SET @saved_cs_client     = @@character_set_client */;
/*!50503 SET character_set_client = utf8mb4 */;
CREATE TABLE `AUTHORIZATION_INFORMATION` (
  `ID` int NOT NULL AUTO_INCREMENT,
  `PATIENT_ID` int NOT NULL DEFAULT '0',
  `AUTHORIZING_PAYOR_PLAN_ID` varchar(50) NOT NULL DEFAULT '0',
  `AUTHORIZING_PAYOR_COMPANY_ID` varchar(50) NOT NULL DEFAULT '0',
  `AUTHORIZING_PAYOR_COMPANY_NAME` varchar(50) NOT NULL DEFAULT '0',
  `AUTHORIZATION_EFFECTIVE_DATE` datetime NOT NULL,
  `AUTHORIZATION_EXPIRY_DATE` datetime NOT NULL,
  `AUTHORIZATION_IDENTIFIER` varchar(50) NOT NULL DEFAULT '',
  `REIMBURSEMENT_LIMIT` varchar(50) NOT NULL DEFAULT '',
  `REQUESTED_NUMBER_OF_TREATMENTS` varchar(50) NOT NULL DEFAULT '',
  `AUTHORIZED_NUMBER_OF_TREATMENTS` varchar(50) NOT NULL DEFAULT '',
  `PROCESS_DATE` datetime NOT NULL,
  `REQUESTED_DISCIPLINE` varchar(50) NOT NULL DEFAULT '',
  `AUTHORIZED_DISCIPLINE` varchar(50) NOT NULL DEFAULT '',
  `AUTHORIZATION_REFERRAL_TYPE` varchar(50) NOT NULL DEFAULT '',
  `APPROVAL_STATUS` varchar(50) NOT NULL DEFAULT '',
  `PLAN_TREATMENT_STOP_DATE` datetime NOT NULL,
  `CLINICAL_SERVICE` varchar(50) NOT NULL DEFAULT '',
  `REASON_TEXT` varchar(50) NOT NULL DEFAULT '',
  `NUMBER_OF_AUTHORIZED_TREATMENTS` varchar(50) NOT NULL DEFAULT '',
  `NUMBER_OF_USED_TREATMENTS` varchar(50) NOT NULL DEFAULT '',
  `NUMBER_OF_SCHEDULED_TREATMENTS` varchar(50) NOT NULL DEFAULT '',
  `ENCOUNTER_TYPE` varchar(50) NOT NULL DEFAULT '',
  `REMAINING_BENEFIT_AMOUNT` varchar(50) NOT NULL DEFAULT '',
  `AUTHORIZED_PROVIDER` varchar(50) NOT NULL DEFAULT '',
  `AUTHORIZED_HEALTH_PROFESSIONAL` varchar(50) NOT NULL DEFAULT '',
  `SOURCE_TEXT` varchar(50) NOT NULL DEFAULT '',
  `SOURCE_DATE` datetime NOT NULL,
  `SOURCE_PHONE` varchar(50) NOT NULL DEFAULT '',
  `COMMENT` varchar(50) NOT NULL DEFAULT '',
  `ACTION_CODE` varchar(50) NOT NULL DEFAULT '',
  PRIMARY KEY (`ID`)
) ENGINE=InnoDB DEFAULT CHARSET=utf8mb4 COLLATE=utf8mb4_0900_ai_ci;
/*!40101 SET character_set_client = @saved_cs_client */;

--
-- Dumping data for table `AUTHORIZATION_INFORMATION`
--

LOCK TABLES `AUTHORIZATION_INFORMATION` WRITE;
/*!40000 ALTER TABLE `AUTHORIZATION_INFORMATION` DISABLE KEYS */;
/*!40000 ALTER TABLE `AUTHORIZATION_INFORMATION` ENABLE KEYS */;
UNLOCK TABLES;

--
-- Table structure for table `CHAT_HISTORY`
--

DROP TABLE IF EXISTS `CHAT_HISTORY`;
/*!40101 SET @saved_cs_client     = @@character_set_client */;
/*!50503 SET character_set_client = utf8mb4 */;
CREATE TABLE `CHAT_HISTORY` (
  `ID` int NOT NULL AUTO_INCREMENT,
  `CHAT_ROOM_ID` int NOT NULL,
  `USER_ID` int NOT NULL DEFAULT '0',
  `MESSAGE` text CHARACTER SET utf8mb4 COLLATE utf8mb4_0900_ai_ci NOT NULL,
  `TIME_SENT` datetime NOT NULL,
  PRIMARY KEY (`ID`),
  KEY `CHAT_FK` (`USER_ID`),
  KEY `ROOM_FK` (`CHAT_ROOM_ID`)
) ENGINE=InnoDB AUTO_INCREMENT=1026 DEFAULT CHARSET=utf8mb4 COLLATE=utf8mb4_0900_ai_ci;
/*!40101 SET character_set_client = @saved_cs_client */;

--
-- Dumping data for table `CHAT_HISTORY`
--

LOCK TABLES `CHAT_HISTORY` WRITE;
/*!40000 ALTER TABLE `CHAT_HISTORY` DISABLE KEYS */;
INSERT INTO `CHAT_HISTORY` VALUES (985,5431,54,'f223dfae3b889aefdb44779397f81743b360055b5e92308f97554bd5f4ced88e','2021-03-07 21:00:38'),(986,5431,31,'5b7e0ffed65488bcb9d73eef3c7042a56bb317106bd959d225a98d0536e91ebe','2021-03-07 21:42:50'),(987,5422,54,'59d5676419478c271930168db14dc087e2b1575453277234362b5a079e71a39b','2021-03-07 22:07:06'),(988,5422,54,'0aebdb99e84887d737b9328d8d470597','2021-03-07 22:07:18'),(989,5422,22,'0c5545f50e2f3fa00f55c119e987a998a8279184b7adadbc9860280026112a0a','2021-03-07 22:08:05'),(990,5422,22,'98420c489e7e278917013a131b64f53a','2021-03-07 22:09:14'),(991,3122,22,'97f2fe38a9cccce88b18e05d911f9896','2021-03-07 22:10:00'),(992,5431,31,'c1a9310faa38f1b3d78fd40647953778f1575afd422b3cea9c9b992aaf25c0e5','2021-03-10 01:34:56'),(993,4522,45,'e21630049452ad0a68d8a93c9adad5f7bb32cc92516bd9da60d307a232a7ae36','2021-03-10 11:31:40'),(994,3122,31,'89b479f29a73e58fc54a6b28f9018f17','2021-03-10 12:02:37'),(995,5422,54,'4c54e284a1f1c94b9bd0e3c1bf4845c8','2021-03-22 17:31:08'),(996,4522,22,'98c06bafd0b0e012261c67012792759f3d51ba3e6dbaf2df5a9f88c9a07bc54d','2021-03-24 10:58:25'),(997,5431,31,'89b479f29a73e58fc54a6b28f9018f17','2021-03-24 18:44:54'),(998,7822,22,'c89dc5828e5ffc400b065ec506114f00','2021-03-29 17:34:44'),(999,12122,22,'89b479f29a73e58fc54a6b28f9018f17','2021-03-30 03:17:01'),(1000,3122,31,'e38698f9b6b7bc52d75eff8b769d059040773c78948ce3e9ddfa669b1e06bfbf','2021-03-30 22:54:30'),(1001,3122,22,'070b6e2a6c8c6f3abae612a1ed17043d8a999e2ab48c6ee018a802f97b7d2602','2021-03-30 22:57:58'),(1002,5431,31,'bce806f4cc9e6a6b359c77895d7ce7cf','2021-03-30 22:59:29'),(1003,3122,31,'a01d1d9a1f73fde84e749911e610eb28','2021-03-30 23:18:29'),(1004,3122,31,'89b479f29a73e58fc54a6b28f9018f17','2021-03-30 23:38:33'),(1005,3122,31,'e86bb72c1a5c73b055f1750f93e2400f','2021-03-30 23:48:53'),(1012,3122,31,'a01d1d9a1f73fde84e749911e610eb28','2021-03-31 01:17:03'),(1013,3122,31,'b3ab5eb0ddb135ec9a3500b11dbf9f5b','2021-03-31 01:20:02'),(1014,7831,31,'29b58ff5237eb9e7ed35fbd266c08799','2021-04-06 21:08:04'),(1015,3122,22,'cf146ca8e2d03654ba8e778d65d7f815','2021-04-09 14:17:04'),(1016,3122,22,'89b479f29a73e58fc54a6b28f9018f17','2021-04-14 10:29:00'),(1017,5422,54,'eecba35d27eb2fe42f648a48b3b218fed2759d70b579dadd2d145fc1f8a3d9cfe44273b4cbc70fd340227a29fb4b1ac7906dc5b1f7ddb6f77bba89f9c0712d8e','2021-04-15 15:50:04'),(1018,5422,22,'3a018dca574808f64cf940c95f99b1510b5f61f01bedf90dcace4553bbd2d5ed','2021-04-15 15:53:05'),(1019,3122,31,'89b479f29a73e58fc54a6b28f9018f17','2021-04-21 15:00:00'),(1020,3122,22,'5b7e0ffed65488bcb9d73eef3c7042a58d8938a965d09fa633f4d582b49e010938b46f11227c515be3ae3ef2a93f7957','2021-04-21 17:41:02'),(1021,5422,54,'89b479f29a73e58fc54a6b28f9018f17','2021-04-28 18:13:02'),(1022,5431,54,'967bd944c69ac07f108d5f69ce6155ad','2021-04-28 18:13:03'),(1023,3122,31,'967bd944c69ac07f108d5f69ce6155ad','2021-04-28 18:16:03'),(1024,5422,54,'534309742bf1ec954a8289bc886d2c1c','2021-04-28 18:18:05'),(1025,5431,54,'4a73a74abd827373b8362541f9301415','2021-04-28 18:19:01');
/*!40000 ALTER TABLE `CHAT_HISTORY` ENABLE KEYS */;
UNLOCK TABLES;

--
-- Table structure for table `CHAT_ROOMS`
--

DROP TABLE IF EXISTS `CHAT_ROOMS`;
/*!40101 SET @saved_cs_client     = @@character_set_client */;
/*!50503 SET character_set_client = utf8mb4 */;
CREATE TABLE `CHAT_ROOMS` (
  `CHAT_ROOM_ID` int NOT NULL AUTO_INCREMENT,
  `PATIENT_ID` int DEFAULT NULL,
  `DOCTOR_ID` int DEFAULT NULL,
  `ADMINISTRATOR_ID` int DEFAULT NULL,
  PRIMARY KEY (`CHAT_ROOM_ID`)
) ENGINE=InnoDB AUTO_INCREMENT=1000657923 DEFAULT CHARSET=utf8mb4 COLLATE=utf8mb4_0900_ai_ci;
/*!40101 SET character_set_client = @saved_cs_client */;

--
-- Dumping data for table `CHAT_ROOMS`
--

LOCK TABLES `CHAT_ROOMS` WRITE;
/*!40000 ALTER TABLE `CHAT_ROOMS` DISABLE KEYS */;
INSERT INTO `CHAT_ROOMS` VALUES (1213,12,31,NULL),(3122,NULL,31,22),(4522,NULL,45,22),(5422,54,NULL,22),(5431,54,31,NULL),(7222,72,NULL,22),(7822,78,NULL,22),(7831,78,31,NULL),(12122,121,NULL,22),(12145,121,45,NULL),(43122,431,NULL,22),(43131,431,31,NULL),(44422,444,NULL,22),(44431,444,31,NULL),(56722,567,NULL,22),(56731,567,31,NULL),(1000657922,10006579,NULL,22);
/*!40000 ALTER TABLE `CHAT_ROOMS` ENABLE KEYS */;
UNLOCK TABLES;

--
-- Table structure for table `COMMON_ORDER`
--

DROP TABLE IF EXISTS `COMMON_ORDER`;
/*!40101 SET @saved_cs_client     = @@character_set_client */;
/*!50503 SET character_set_client = utf8mb4 */;
CREATE TABLE `COMMON_ORDER` (
  `ORDER_ID` int NOT NULL AUTO_INCREMENT,
  `PATIENT_ID` int NOT NULL DEFAULT '0',
  `ORDER_CONTROL` varchar(50) DEFAULT NULL,
  `PLACER_ORDER_NUMBER` varchar(50) DEFAULT NULL,
  `FILLER_ORDER_NUMBER` varchar(50) DEFAULT NULL,
  `PLACER_GROUP_NUMBER` varchar(50) DEFAULT NULL,
  `ORDER_STATUS` varchar(50) DEFAULT NULL,
  `RESPONSE_FLAG` varchar(50) DEFAULT NULL,
  `QUANTITY_TIMING` varchar(50) DEFAULT NULL,
  `PARENT_ORDER` varchar(50) DEFAULT NULL,
  `DATE_TIME_OF_TRANSACTION` varchar(50) DEFAULT NULL,
  `ENTERED_BY` varchar(50) DEFAULT NULL,
  `VERIFIED_BY` varchar(50) DEFAULT NULL,
  `ORDERING_PROVIDER` varchar(50) DEFAULT NULL,
  `ENTERERS_LOCATION` varchar(50) DEFAULT NULL,
  `CALLBACK_PHONE` varchar(50) DEFAULT NULL,
  `ORDER_EFFECTIVE_DATE_TIME` varchar(50) DEFAULT NULL,
  `ORDER_CONTROL_CODE_REASON` varchar(50) DEFAULT NULL,
  `ENTERING_ORGANIZATION` varchar(50) DEFAULT NULL,
  `ENTERING_DEVICE` varchar(50) DEFAULT NULL,
  `ACTION_BY` varchar(50) DEFAULT NULL,
  `ADVANCED_BENEFICIARY_NOTICE_CODE` varchar(50) DEFAULT NULL,
  `ORDERING_FACILITY_NAME` varchar(50) DEFAULT NULL,
  `ORDERING_FACILITY_ADDRESS` varchar(50) DEFAULT NULL,
  `ORDERING_FACILITY_PHONE` varchar(50) DEFAULT NULL,
  `ORDERING_PROVIDER_ADDRESS` varchar(50) DEFAULT NULL,
  `ORDER_STATUS_MODIFIER` varchar(50) DEFAULT NULL,
  `ADVANCED_BENEFICIARY_NOTICE_OVERRIDE_REASON` varchar(50) DEFAULT NULL,
  `FILLERS_EXPECTED_AVAILIABILITY_DATE_TIME` varchar(50) DEFAULT NULL,
  `CONFIDENTIALITY_CODE` varchar(50) DEFAULT NULL,
  `ORDER_TYPE` varchar(50) DEFAULT NULL,
  `ENTERER_AUTHORIZATION_MODE` varchar(50) DEFAULT NULL,
  PRIMARY KEY (`ORDER_ID`)
) ENGINE=InnoDB AUTO_INCREMENT=11 DEFAULT CHARSET=utf8mb4 COLLATE=utf8mb4_0900_ai_ci;
/*!40101 SET character_set_client = @saved_cs_client */;

--
-- Dumping data for table `COMMON_ORDER`
--

LOCK TABLES `COMMON_ORDER` WRITE;
/*!40000 ALTER TABLE `COMMON_ORDER` DISABLE KEYS */;
INSERT INTO `COMMON_ORDER` VALUES (5,32427285,'RE','994330981','578195160','G','CM','Empty','Empty','Empty','Empty','Empty','Empty','Empty','Empty','Empty','Empty','Empty','Empty','Empty','Empty',NULL,NULL,NULL,NULL,NULL,NULL,NULL,NULL,NULL,NULL,NULL),(7,54,'RE','994330981','578195160','G','CM','Empty','Empty','Empty','Empty','Empty','Empty','Empty','Empty','Empty','Empty','Empty','Empty','Empty','Empty',NULL,NULL,NULL,NULL,NULL,NULL,NULL,NULL,NULL,NULL,NULL);
/*!40000 ALTER TABLE `COMMON_ORDER` ENABLE KEYS */;
UNLOCK TABLES;

--
-- Table structure for table `DIAGNOSIS`
--

DROP TABLE IF EXISTS `DIAGNOSIS`;
/*!40101 SET @saved_cs_client     = @@character_set_client */;
/*!50503 SET character_set_client = utf8mb4 */;
CREATE TABLE `DIAGNOSIS` (
  `DGID` int NOT NULL AUTO_INCREMENT,
  `PATIENT_ID` int NOT NULL DEFAULT '0',
  `CODINGMETHOD` varchar(45) NOT NULL,
  `CODE` varchar(45) NOT NULL,
  `DESCRIPTION` varchar(500) NOT NULL,
  `DATEANDTIME` varchar(45) NOT NULL,
  `TYPE` varchar(45) NOT NULL,
  `MAJORDIAGNOSTICCATEGORY` varchar(45) NOT NULL,
  `DIAGNOSTICRELATEDGROUP` varchar(45) CHARACTER SET utf8mb4 COLLATE utf8mb4_0900_ai_ci NOT NULL DEFAULT '0',
  `APPROVALINDICATOR` varchar(45) CHARACTER SET utf8mb4 COLLATE utf8mb4_0900_ai_ci NOT NULL DEFAULT '0',
  `REVIEWCODE` varchar(45) CHARACTER SET utf8mb4 COLLATE utf8mb4_0900_ai_ci NOT NULL DEFAULT '0',
  `OUTLIERTYPE` varchar(45) CHARACTER SET utf8mb4 COLLATE utf8mb4_0900_ai_ci NOT NULL DEFAULT '0',
  `OUTLIERDAYS` varchar(45) CHARACTER SET utf8mb4 COLLATE utf8mb4_0900_ai_ci NOT NULL DEFAULT '0',
  `OUTLIERCOST` varchar(45) CHARACTER SET utf8mb4 COLLATE utf8mb4_0900_ai_ci NOT NULL DEFAULT '0',
  `GROUPVERSIONANDTYPE` varchar(45) CHARACTER SET utf8mb4 COLLATE utf8mb4_0900_ai_ci NOT NULL DEFAULT '0',
  `DIAGNOSISPRIORITY` int NOT NULL DEFAULT '0',
  `DIAGNOSINGCLINICIAN` varchar(50) NOT NULL DEFAULT '0',
  `CLASSIFICATION` varchar(50) NOT NULL DEFAULT '0',
  `CONFIDENTIALINDICATOR` varchar(50) NOT NULL DEFAULT '0',
  `ATTESTATION` varchar(50) NOT NULL DEFAULT '0',
  `IDENTIFIER` varchar(50) NOT NULL DEFAULT '0',
  `ACTIONCODE` varchar(50) NOT NULL DEFAULT '0',
  `PARENTDIAGNOSIS` varchar(50) NOT NULL DEFAULT '0',
  `DRGCCLVALUECODE` varchar(50) NOT NULL DEFAULT '0',
  `DRGGROUPINGUSAGE` varchar(50) NOT NULL DEFAULT '0',
  `DRGDIAGNOSISTERMINATIONSTATUS` varchar(50) NOT NULL DEFAULT '0',
  `PRESENTONADMISSIONINDICATOR` varchar(50) NOT NULL DEFAULT '0',
  PRIMARY KEY (`DGID`)
) ENGINE=InnoDB AUTO_INCREMENT=30 DEFAULT CHARSET=utf8mb4 COLLATE=utf8mb4_0900_ai_ci;
/*!40101 SET character_set_client = @saved_cs_client */;

--
-- Dumping data for table `DIAGNOSIS`
--

LOCK TABLES `DIAGNOSIS` WRITE;
/*!40000 ALTER TABLE `DIAGNOSIS` DISABLE KEYS */;
INSERT INTO `DIAGNOSIS` VALUES (7,121,'k8','y','Cancer','Empty','b','Empty','0','0','0','0','0','0','0',0,'0','0','0','0','0','0','0','0','0','0','0'),(14,444,'k9','h','Turboculosus','Empty','c','Fill','0','0','0','0','0','0','0',0,'0','0','0','0','0','0','0','0','0','0','0'),(15,567,'k10','j','Broken Arm','Empty','d','Fill','0','0','0','0','0','0','0',0,'0','0','0','0','0','0','0','0','0','0','0'),(16,431,'k11','l','Broken Leg','Empty','l','Empty','0','0','0','0','0','0','0',0,'0','0','0','0','0','0','0','0','0','0','0'),(17,54,'k12','J','Flu','Empty','c','Empty','0','0','0','0','0','0','0',0,'0','0','0','0','0','0','0','0','0','0','0'),(29,10006579,'k7','g','AIDS','Empty','d','Empty','0','0','0','0','0','0','0',0,'0','0','0','0','0','0','0','0','0','0','0');
/*!40000 ALTER TABLE `DIAGNOSIS` ENABLE KEYS */;
UNLOCK TABLES;

--
-- Table structure for table `DIAGNOSIS_RELATED_GROUP`
--

DROP TABLE IF EXISTS `DIAGNOSIS_RELATED_GROUP`;
/*!40101 SET @saved_cs_client     = @@character_set_client */;
/*!50503 SET character_set_client = utf8mb4 */;
CREATE TABLE `DIAGNOSIS_RELATED_GROUP` (
  `DRG_KEY` int NOT NULL AUTO_INCREMENT,
  `DIAGNOSTIC_RELATED_GROUP` varchar(50) NOT NULL DEFAULT '0',
  `DRG_ASSIGNED_DATE_TIME` datetime NOT NULL,
  `DRG_APPROVAL_INIDICATOR` varchar(50) NOT NULL DEFAULT '0',
  `DRG_GROUP_REVIEW_CODE` varchar(50) NOT NULL DEFAULT '0',
  `OUTLIER_TYPE` varchar(50) NOT NULL DEFAULT '0',
  `OUTLIER_DAYS` int NOT NULL DEFAULT '0',
  `OUTLIER_COST` int NOT NULL DEFAULT '0',
  `DRG_PAYOR` varchar(50) NOT NULL DEFAULT '0',
  `OUTLIER_REIMBURSEMENT` varchar(50) NOT NULL DEFAULT '0',
  `CONFIDENTIAL_INDICATOR` varchar(50) NOT NULL DEFAULT '0',
  `DRG_TRANSFER_TYPE` varchar(50) NOT NULL DEFAULT '0',
  `NAME_OF_CODER` varchar(50) NOT NULL DEFAULT '0',
  `GROUPER_STATUS` varchar(50) NOT NULL DEFAULT '0',
  `PCCL_VALUE_CODE` varchar(50) NOT NULL DEFAULT '0',
  `EFFECTIVE_WEIGHT` varchar(50) NOT NULL DEFAULT '0',
  `MONETARY_AMOUNT` varchar(50) NOT NULL DEFAULT '0',
  `STATUS_PATIENT` varchar(50) NOT NULL DEFAULT '0',
  `GROUPER_SOFTWARE_NAME` varchar(50) NOT NULL DEFAULT '0',
  `GROUPER_SOFTWARE_VERSION` varchar(50) NOT NULL DEFAULT '0',
  `STATUS_FINANCIAL_CALCULATION` varchar(50) NOT NULL DEFAULT '0',
  `RELATIVE_DISCOUNT_SURCHARGE` varchar(50) NOT NULL DEFAULT '0',
  `BASIC_CHARGE` varchar(50) NOT NULL DEFAULT '0',
  `TOTAL_CHARGE` varchar(50) NOT NULL DEFAULT '0',
  `DISCOUNT_SURCHARGE` varchar(50) NOT NULL DEFAULT '0',
  `CALCULATED_DAYS` int NOT NULL DEFAULT '0',
  `STATUS_GENDER` varchar(50) NOT NULL DEFAULT '0',
  `STATUS_AGE` varchar(50) NOT NULL DEFAULT '0',
  `STATUS_LENGTH_OF_STAY` varchar(50) NOT NULL DEFAULT '0',
  `STATUS_SAME_DAY_FLAG` varchar(50) NOT NULL DEFAULT '0',
  `STATUS_SEPARATION_MODE` varchar(50) NOT NULL DEFAULT '0',
  `STATUS_WEIGHT_AT_BIRTH` varchar(50) NOT NULL DEFAULT '0',
  `STATUS_RESPIRATION_MINUTES` varchar(50) NOT NULL DEFAULT '0',
  `STATUS_ADMISSION` varchar(50) NOT NULL DEFAULT '0',
  PRIMARY KEY (`DRG_KEY`)
) ENGINE=InnoDB DEFAULT CHARSET=utf8mb4 COLLATE=utf8mb4_0900_ai_ci;
/*!40101 SET character_set_client = @saved_cs_client */;

--
-- Dumping data for table `DIAGNOSIS_RELATED_GROUP`
--

LOCK TABLES `DIAGNOSIS_RELATED_GROUP` WRITE;
/*!40000 ALTER TABLE `DIAGNOSIS_RELATED_GROUP` DISABLE KEYS */;
/*!40000 ALTER TABLE `DIAGNOSIS_RELATED_GROUP` ENABLE KEYS */;
UNLOCK TABLES;

--
-- Table structure for table `DISABILITIES`
--

DROP TABLE IF EXISTS `DISABILITIES`;
/*!40101 SET @saved_cs_client     = @@character_set_client */;
/*!50503 SET character_set_client = utf8mb4 */;
CREATE TABLE `DISABILITIES` (
  `DISABILITYID` int NOT NULL AUTO_INCREMENT,
  `PATIENTID` int NOT NULL DEFAULT '0',
  `DISABLEDPERSONCODE` varchar(50) NOT NULL DEFAULT '0',
  `DISABLEDPERSONID` varchar(50) NOT NULL DEFAULT '0',
  `DISABLEDID` varchar(50) NOT NULL DEFAULT '0',
  `STARTDATE` varchar(50) NOT NULL DEFAULT '0',
  `ENDDATE` varchar(50) NOT NULL DEFAULT '0',
  `RETURNTOWORKDATE` varchar(50) NOT NULL DEFAULT '0',
  `UNABLETOWORKDATE` varchar(50) NOT NULL DEFAULT '0',
  PRIMARY KEY (`DISABILITYID`),
  KEY `DBFK` (`PATIENTID`)
) ENGINE=InnoDB DEFAULT CHARSET=utf8mb4 COLLATE=utf8mb4_0900_ai_ci;
/*!40101 SET character_set_client = @saved_cs_client */;

--
-- Dumping data for table `DISABILITIES`
--

LOCK TABLES `DISABILITIES` WRITE;
/*!40000 ALTER TABLE `DISABILITIES` DISABLE KEYS */;
/*!40000 ALTER TABLE `DISABILITIES` ENABLE KEYS */;
UNLOCK TABLES;

--
-- Table structure for table `EVENTTYPE`
--

DROP TABLE IF EXISTS `EVENTTYPE`;
/*!40101 SET @saved_cs_client     = @@character_set_client */;
/*!50503 SET character_set_client = utf8mb4 */;
CREATE TABLE `EVENTTYPE` (
  `EVENTTYPECODE` varchar(25) CHARACTER SET utf8mb4 COLLATE utf8mb4_0900_ai_ci NOT NULL,
  `DATETIMEOFEVENT` varchar(25) CHARACTER SET utf8mb4 COLLATE utf8mb4_0900_ai_ci NOT NULL,
  `DATETIMEPLANNEDEVENT` varchar(25) CHARACTER SET utf8mb4 COLLATE utf8mb4_0900_ai_ci NOT NULL,
  `EVENTTYPEREASONCODE` varchar(25) CHARACTER SET utf8mb4 COLLATE utf8mb4_0900_ai_ci NOT NULL,
  `EVENTOCCURED` varchar(25) NOT NULL,
  PRIMARY KEY (`EVENTTYPECODE`)
) ENGINE=InnoDB DEFAULT CHARSET=utf8mb4 COLLATE=utf8mb4_0900_ai_ci;
/*!40101 SET character_set_client = @saved_cs_client */;

--
-- Dumping data for table `EVENTTYPE`
--

LOCK TABLES `EVENTTYPE` WRITE;
/*!40000 ALTER TABLE `EVENTTYPE` DISABLE KEYS */;
/*!40000 ALTER TABLE `EVENTTYPE` ENABLE KEYS */;
UNLOCK TABLES;

--
-- Table structure for table `GUARANTORS`
--

DROP TABLE IF EXISTS `GUARANTORS`;
/*!40101 SET @saved_cs_client     = @@character_set_client */;
/*!50503 SET character_set_client = utf8mb4 */;
CREATE TABLE `GUARANTORS` (
  `ID` int NOT NULL AUTO_INCREMENT,
  `PATIENT_ID` int NOT NULL DEFAULT '0',
  `GUARANTOR_NUMBER` varchar(50) DEFAULT NULL,
  `GUARANTOR_NAME` varchar(50) DEFAULT NULL,
  `GUARANTOR_SPOUSE_NAME` varchar(50) DEFAULT NULL,
  `GUARANTOR_ADDRESS` varchar(50) DEFAULT NULL,
  `GUARANTOR_PHONE_HOME` varchar(50) DEFAULT NULL,
  `GUARANTOR_PHONE_BUSINESS` varchar(50) DEFAULT NULL,
  `GUARANTOR_DATE_TIME_OF_BIRTH` datetime DEFAULT NULL,
  `GUARANTOR_ADMINISTRATIVE_SEX` varchar(50) DEFAULT NULL,
  `GUARANTOR_TYPE` varchar(50) DEFAULT NULL,
  `GUARANTOR_RELATIONSHIP` varchar(50) DEFAULT NULL,
  `GUARANTOR_SSN` varchar(50) DEFAULT NULL,
  `GUARANTOR_DATE_BEGIN` datetime DEFAULT NULL,
  `GUARANTOR_DATE_END` datetime DEFAULT NULL,
  `GUARANTOR_PRIORITY` varchar(50) DEFAULT NULL,
  `GUARANTOR_EMPLOYER_NAME` varchar(50) DEFAULT NULL,
  `GUARANTOR_EMPLOYER_ADDRESS` varchar(50) DEFAULT NULL,
  `GUARANTOR_EMPLOYER_PHONE` varchar(50) DEFAULT NULL,
  `GUARANTOR_EMPLOYEE_ID` varchar(50) DEFAULT NULL,
  `GUARANTOR_EMPLOYMENT_STATUS` varchar(50) DEFAULT NULL,
  `GUARANTOR_ORGANIZATION_NAME` varchar(50) DEFAULT NULL,
  `GUARANTOR_BILLING_HOLD_FLAG` varchar(50) DEFAULT NULL,
  `GUARANTOR_CREDIT_RATING_CODE` varchar(50) DEFAULT NULL,
  `GUARANTOR_DEATH_DATE_TIME` datetime DEFAULT NULL,
  `GUARANTOR_DEATH_FLAG` varchar(50) DEFAULT NULL,
  `GUARANTOR_CHARGE_ADJUSTMENT_CODE` varchar(50) DEFAULT NULL,
  `GUARANTOR_HOUSEHOLD_ANNUAL_INCOME` varchar(50) DEFAULT NULL,
  `GUARANTOR_HOUSEHOLD_SIZE` varchar(50) DEFAULT NULL,
  `GUARANTOR_EMPLOYER_ID` varchar(50) DEFAULT NULL,
  `GUARANTOR_MARITAL_STATUS_CODE` varchar(50) DEFAULT NULL,
  `GUARANTOR_HIGHER_EFFECTIVE_DATE` varchar(50) DEFAULT NULL,
  `GUARANTOR_EMPLOYMENT_STOP_DATE` datetime DEFAULT NULL,
  `LIVING_DEPENDENCY` varchar(50) DEFAULT NULL,
  `AMBULATORY_STATUS` varchar(50) DEFAULT NULL,
  `CITIZENSHIP` varchar(50) DEFAULT NULL,
  `PRIMARY_LANGUAGE` varchar(50) DEFAULT NULL,
  `LIVING_ARRANGEMENT` varchar(50) DEFAULT NULL,
  `PUBLICITY_CODE` varchar(50) DEFAULT NULL,
  `PROTECTION_INDICATOR` varchar(50) DEFAULT NULL,
  `STUDENT_INDICATOR` varchar(50) DEFAULT NULL,
  `RELIGION` varchar(50) DEFAULT NULL,
  `MOTHERS_MAIDEN_NAME` varchar(50) DEFAULT NULL,
  `NATIONALITY` varchar(50) DEFAULT NULL,
  `ETHNIC_GROUP` varchar(50) DEFAULT NULL,
  `CONTACT_PERSONS_NAME` varchar(50) DEFAULT NULL,
  `CONTACT_PERSONS_PHONE` varchar(50) DEFAULT NULL,
  `CONTACT_REASON` varchar(50) DEFAULT NULL,
  `CONTACT_RELATIONSHIP` varchar(50) DEFAULT NULL,
  `JOB_TITLE` varchar(50) DEFAULT NULL,
  `JOB_CODE_CLASS` varchar(50) DEFAULT NULL,
  `GUARANTOR_EMPLOYERS_ORGANIZATION_NAME` varchar(50) DEFAULT NULL,
  `HANDICAP` varchar(50) DEFAULT NULL,
  `JOB_STATUS` varchar(50) DEFAULT NULL,
  `GUARANTOR_FINANCIAL_CLASS` varchar(50) DEFAULT NULL,
  `GUARANTOR_RACE` varchar(50) DEFAULT NULL,
  `GUARANTOR_BIRTH_PLACE` varchar(50) DEFAULT NULL,
  `VIP_INDICATOR` varchar(50) DEFAULT NULL,
  PRIMARY KEY (`ID`)
) ENGINE=InnoDB DEFAULT CHARSET=utf8mb4 COLLATE=utf8mb4_0900_ai_ci;
/*!40101 SET character_set_client = @saved_cs_client */;

--
-- Dumping data for table `GUARANTORS`
--

LOCK TABLES `GUARANTORS` WRITE;
/*!40000 ALTER TABLE `GUARANTORS` DISABLE KEYS */;
/*!40000 ALTER TABLE `GUARANTORS` ENABLE KEYS */;
UNLOCK TABLES;

--
-- Table structure for table `INSURANCES`
--

DROP TABLE IF EXISTS `INSURANCES`;
/*!40101 SET @saved_cs_client     = @@character_set_client */;
/*!50503 SET character_set_client = utf8mb4 */;
CREATE TABLE `INSURANCES` (
  `ID` int NOT NULL AUTO_INCREMENT,
  `PATIENT_ID` int NOT NULL DEFAULT '0',
  `HEALTH_PLAN_ID` varchar(50) NOT NULL DEFAULT '0',
  `INSURANCE_COMPANY_ID` varchar(50) NOT NULL DEFAULT '0',
  `INSURANCE_COMPANY_NAME` varchar(50) NOT NULL DEFAULT '0',
  `INSURANCE_COMPANY_ADDRESS` varchar(50) NOT NULL DEFAULT '0',
  `INSURANCE_CO_CONTACT_PERSON` varchar(50) NOT NULL DEFAULT '0',
  `INSURANCE_CO_PHONE_NUMBER` varchar(50) NOT NULL DEFAULT '0',
  `GROUP_NUMBER` varchar(50) NOT NULL DEFAULT '0',
  `GROUP_NAME` varchar(50) NOT NULL DEFAULT '0',
  `INSUREDS_GROUP_EMP_ID` varchar(50) NOT NULL DEFAULT '0',
  `INSUREDS_GROUP_EMP_NAME` varchar(50) NOT NULL DEFAULT '0',
  `PLAN_EFFECTIVE_DATE` datetime NOT NULL,
  `PLAN_EXPIRATION_DATE` datetime NOT NULL,
  `AUTHORIZATION_INFORMATION` varchar(50) NOT NULL DEFAULT '0',
  `PLANNED_TYPE` varchar(50) NOT NULL DEFAULT '0',
  `NAME_OF_INSURED` varchar(50) NOT NULL DEFAULT '0',
  `INSURED_RELATIONSHIP_TO_PATIENT` varchar(50) NOT NULL DEFAULT '0',
  `INSURED_DATE_OF_BIRTH` datetime NOT NULL,
  `INSURED_ADDRESS` varchar(50) NOT NULL DEFAULT '0',
  `ASSIGNMENT_OF_BENEFITS` varchar(50) NOT NULL DEFAULT '0',
  `CORDINATION_OF_BENEFITS` varchar(50) NOT NULL DEFAULT '0',
  `COORD_OF_BEN_PRIORITY` varchar(50) NOT NULL DEFAULT '0',
  `NOTICE_OF_ADMISSION_FLAG` char(50) NOT NULL DEFAULT '0',
  `NOTICE_OF_ADMISSION_DATE` datetime NOT NULL,
  `REPORT_OF_ELIGIBILITY_FLAG` char(50) NOT NULL DEFAULT '0',
  `REPORT_OF_ELIGIBILITY_DATE` datetime NOT NULL,
  `RELEASE_INFORMATION_CODE` varchar(50) NOT NULL DEFAULT '0',
  `PREADMIT_CERT` varchar(50) NOT NULL DEFAULT '0',
  `VERIFICATION_DATE_TIME` datetime NOT NULL,
  `VERIFICATION_BY` varchar(50) NOT NULL DEFAULT '0',
  `TYPE_OF_AGREEMENT_CODE` varchar(50) NOT NULL DEFAULT '0',
  `BILLING_STATUS` varchar(50) NOT NULL DEFAULT '0',
  `LIFETIME_RESERVE_DAYS` int NOT NULL DEFAULT '0',
  `DELAY_BEFORE_LR_DAY` int NOT NULL DEFAULT '0',
  `COMPANY_PLANNED_CODE` varchar(50) NOT NULL DEFAULT '0',
  `POLICY_NUMBER` varchar(50) NOT NULL DEFAULT '0',
  `POLICY_DEDUCTIBLE` varchar(50) NOT NULL DEFAULT '0',
  `POLICY_LIMIT_AMOUNT` varchar(50) NOT NULL DEFAULT '0',
  `POLICY_LIMIT_DAYS` int NOT NULL DEFAULT '0',
  `ROOM_RATE_SEMI_PRIVATE` varchar(50) NOT NULL DEFAULT '0',
  `ROOM_RATE_PRIVATE` varchar(50) NOT NULL DEFAULT '0',
  `INSURANCE_EMPLOYMENT_STATUS` varchar(50) NOT NULL DEFAULT '0',
  `INSUREDS_ADMINISTRATIVE_SEX` varchar(50) NOT NULL DEFAULT '0',
  `INSURANCE_EMPLOYERS_ADDRESS` varchar(50) NOT NULL DEFAULT '0',
  `VERIFICATION_STATUS` varchar(50) NOT NULL DEFAULT '0',
  `INSURANCE_PRIOR_ID` varchar(50) NOT NULL DEFAULT '0',
  `COVERAGE_TYPE` varchar(50) NOT NULL DEFAULT '0',
  `HANDICAP` varchar(50) NOT NULL DEFAULT '0',
  `INSURED_ID` varchar(50) NOT NULL DEFAULT '0',
  `SIGNATURE_CODE` varchar(50) NOT NULL DEFAULT '0',
  `SIGNATURE_CODE_DATE` datetime NOT NULL,
  `INSUREDS_BIRTH_PLACE` varchar(50) NOT NULL DEFAULT '0',
  `VIP_INDICATOR` varchar(50) NOT NULL DEFAULT '0',
  `EXTERNAL_HEALTH_PLAN_IDENTIFIERS` varchar(50) NOT NULL DEFAULT '0',
  `INSURANCE_ACTION_CODE` varchar(50) NOT NULL DEFAULT '0',
  PRIMARY KEY (`ID`)
) ENGINE=InnoDB DEFAULT CHARSET=utf8mb4 COLLATE=utf8mb4_0900_ai_ci;
/*!40101 SET character_set_client = @saved_cs_client */;

--
-- Dumping data for table `INSURANCES`
--

LOCK TABLES `INSURANCES` WRITE;
/*!40000 ALTER TABLE `INSURANCES` DISABLE KEYS */;
/*!40000 ALTER TABLE `INSURANCES` ENABLE KEYS */;
UNLOCK TABLES;

--
-- Table structure for table `INSURANCES_ADDITIONAL_INFORMATION`
--

DROP TABLE IF EXISTS `INSURANCES_ADDITIONAL_INFORMATION`;
/*!40101 SET @saved_cs_client     = @@character_set_client */;
/*!50503 SET character_set_client = utf8mb4 */;
CREATE TABLE `INSURANCES_ADDITIONAL_INFORMATION` (
  `ID` int NOT NULL AUTO_INCREMENT,
  `PATIENT_ID` int NOT NULL DEFAULT '0',
  `INSURED_EMPLOYEE_ID` varchar(50) NOT NULL DEFAULT '0',
  `INSURED_SSN` varchar(50) NOT NULL DEFAULT '0',
  `INSURED_EMPLOYER_NAME_AND_ID` varchar(50) NOT NULL DEFAULT '0',
  `EMPLOYER_INFORMATION_DATA` varchar(50) NOT NULL DEFAULT '0',
  `MALE_CLAIM_PARTY` varchar(50) NOT NULL DEFAULT '0',
  `MEDICARE_HEALTH_INS_CARD_NUMBER` varchar(50) NOT NULL DEFAULT '0',
  `MEDICAID_CASE_NAME` varchar(50) NOT NULL DEFAULT '0',
  `MEDICAID_CASE_NUMBER` varchar(50) NOT NULL DEFAULT '0',
  `MILITARY_SPONSOR_NAME` varchar(50) NOT NULL DEFAULT '0',
  `MILITARY_ID_NUMBER` varchar(50) NOT NULL DEFAULT '0',
  `DEPENDENT_OF_MILITARY_RECIPIENT` varchar(50) NOT NULL DEFAULT '0',
  `MILITARY_ORGANIZATION` varchar(50) NOT NULL DEFAULT '0',
  `MILITARY_STATION` varchar(50) NOT NULL DEFAULT '0',
  `MILITARY_SERVICE` varchar(50) NOT NULL DEFAULT '0',
  `MILITARY_RANK_AND_GRADE` varchar(50) NOT NULL DEFAULT '0',
  `MILITARY_STATUS` varchar(50) NOT NULL DEFAULT '0',
  `MILITARY_RETIRE_DATE` datetime NOT NULL,
  `MILITARY_NON_AVAIL_CERT_ON_FILE` varchar(50) NOT NULL DEFAULT '0',
  `BABY_COVERAGE` varchar(50) NOT NULL DEFAULT '0',
  `COMBINE_BABY_BILL` varchar(50) NOT NULL DEFAULT '0',
  `BLOOD_DEDUCTIBLE` varchar(50) NOT NULL DEFAULT '0',
  `SPECIAL_COVERAGE_APPROVAL_NAME` varchar(50) NOT NULL DEFAULT '0',
  `SPECIAL_COVERAGE_APPROVAL_TITLE` varchar(50) NOT NULL DEFAULT '0',
  `NON_COVERED_INSURANCE_CODE` varchar(50) NOT NULL DEFAULT '0',
  `PAYOR_ID` varchar(50) NOT NULL DEFAULT '0',
  `PAYOR_SUBSCRIBER_ID` varchar(50) NOT NULL DEFAULT '0',
  `ELIGIBILITY_SOURCE` varchar(50) NOT NULL DEFAULT '0',
  `ROOM_COVERAGE_TYPE_AMOUNT` varchar(50) NOT NULL DEFAULT '0',
  `POLICY_TYPE_AMOUNT` varchar(50) NOT NULL DEFAULT '0',
  `DAILY_DEDUCTIBLE` varchar(50) NOT NULL DEFAULT '0',
  `LIVING_DEPENDENCY` varchar(50) NOT NULL DEFAULT '0',
  `AMBULATORY_STATUS` varchar(50) NOT NULL DEFAULT '0',
  `CITIZENSHIP` varchar(50) NOT NULL DEFAULT '0',
  `PRIMARY_LANGUAGE` varchar(50) NOT NULL DEFAULT '0',
  `LIVING_ARRANGEMENT` varchar(50) NOT NULL DEFAULT '0',
  `PUBLICITY_CODE` varchar(50) NOT NULL DEFAULT '0',
  `PROTECTION_INDICATOR` varchar(50) NOT NULL DEFAULT '0',
  `STUDENT_INDICATOR` varchar(50) NOT NULL DEFAULT '0',
  `RELIGION` varchar(50) NOT NULL DEFAULT '0',
  `MOTHERS_MAIDEN_NAME` varchar(50) NOT NULL DEFAULT '0',
  `NATIONALITY` varchar(50) NOT NULL DEFAULT '0',
  `ETHNIC_GROUP` varchar(50) NOT NULL DEFAULT '0',
  `MARITAL_STATUS` varchar(50) NOT NULL DEFAULT '0',
  `INSURED_EMPLOYMENT_START_DATE` datetime NOT NULL,
  `EMPLOYMENT_STOP_DATE` datetime NOT NULL,
  `JOB_TITLE` varchar(50) NOT NULL DEFAULT '0',
  `JOB_CODE_CLASS` varchar(50) NOT NULL DEFAULT '0',
  `JOB_STATUS` varchar(50) NOT NULL DEFAULT '0',
  `EMPLOYER_CONTACT_PERSONS_NAME` varchar(50) NOT NULL DEFAULT '0',
  `EMPLOYER_CONTACT_PERSONS_PHONE` varchar(50) NOT NULL DEFAULT '0',
  `EMPLOYER_CONTACT_REASON` varchar(50) NOT NULL DEFAULT '0',
  `INSURED_CONTACT_PERSONS_NAME` varchar(50) NOT NULL DEFAULT '0',
  `INSURED_CONTACT_PERSONS_PHONE` varchar(50) NOT NULL DEFAULT '0',
  `INSURED_CONTACT_PERSONS_REASON` varchar(50) NOT NULL DEFAULT '0',
  `RELATIONSHIP_TO_PATIENT_START_DATE` datetime NOT NULL,
  `RELATIONSHIP_TO_PATIENT_STOP_DATE` datetime NOT NULL,
  `INSURANCE_CO_CONTACT_REASON` varchar(50) NOT NULL DEFAULT '0',
  `INSURANCE_CO_CONTACT_PHONE` varchar(50) NOT NULL DEFAULT '0',
  `POLICY_SCOPE` varchar(50) NOT NULL DEFAULT '0',
  `POLICY_SOURCE` varchar(50) NOT NULL DEFAULT '0',
  `PATIENT_MEMBER_NUMBER` varchar(50) NOT NULL DEFAULT '0',
  `GUARANTOR_RELATIONSHIP_TO_INSURED` varchar(50) NOT NULL DEFAULT '0',
  `INSURED_PHONE_HOME` varchar(50) NOT NULL DEFAULT '0',
  `INSURED_EMPLOYER_PHONE` varchar(50) NOT NULL DEFAULT '0',
  `MILITARY_HANDICAP_PROGRAM` varchar(50) NOT NULL DEFAULT '0',
  `SUSPEND_FLAG` varchar(50) NOT NULL DEFAULT '0',
  `CO_PAY_LIMIT_FLAG` varchar(50) NOT NULL DEFAULT '0',
  `STOP_LOSS_LIMIT_FLAG` varchar(50) NOT NULL DEFAULT '0',
  `INSURED_ORGANIZATION_NAME_ID` varchar(50) NOT NULL DEFAULT '0',
  `INSURED_EMPLOYER_ORGANIZATION_NAME_ID` varchar(50) NOT NULL DEFAULT '0',
  `RACE` varchar(50) NOT NULL DEFAULT '0',
  `PATIENTS_RELATIONSHIP_TO_INSURED` varchar(50) NOT NULL DEFAULT '0',
  PRIMARY KEY (`ID`)
) ENGINE=InnoDB DEFAULT CHARSET=utf8mb4 COLLATE=utf8mb4_0900_ai_ci;
/*!40101 SET character_set_client = @saved_cs_client */;

--
-- Dumping data for table `INSURANCES_ADDITIONAL_INFORMATION`
--

LOCK TABLES `INSURANCES_ADDITIONAL_INFORMATION` WRITE;
/*!40000 ALTER TABLE `INSURANCES_ADDITIONAL_INFORMATION` DISABLE KEYS */;
/*!40000 ALTER TABLE `INSURANCES_ADDITIONAL_INFORMATION` ENABLE KEYS */;
UNLOCK TABLES;

--
-- Table structure for table `INSURANCES_ADDITIONAL_INFORMATION_CERTIFICATION`
--

DROP TABLE IF EXISTS `INSURANCES_ADDITIONAL_INFORMATION_CERTIFICATION`;
/*!40101 SET @saved_cs_client     = @@character_set_client */;
/*!50503 SET character_set_client = utf8mb4 */;
CREATE TABLE `INSURANCES_ADDITIONAL_INFORMATION_CERTIFICATION` (
  `ID` int NOT NULL AUTO_INCREMENT,
  `PATIENT_ID` int NOT NULL DEFAULT '0',
  `CERTIFICATION_NUMBER` varchar(50) NOT NULL DEFAULT '0',
  `CERTIFIED_BY` varchar(50) NOT NULL DEFAULT '0',
  `CERTIFICATION_REQUIRED` varchar(50) NOT NULL DEFAULT '0',
  `PENALTY` varchar(50) NOT NULL DEFAULT '0',
  `CERTIFICATION_DATE_TIME` datetime NOT NULL,
  `CERTIFICATION_MODIFIED_DATE_TIME` datetime NOT NULL,
  `OPERATOR` varchar(50) NOT NULL DEFAULT '',
  `CERTIFICATION_BEGIN_DATE_TIME` datetime NOT NULL,
  `CERTIFICATION_END_DATE_TIME` datetime NOT NULL,
  `DAYS` varchar(50) NOT NULL DEFAULT '',
  `NON_CONCUR_CODE_DESCRIPTION` varchar(50) NOT NULL DEFAULT '',
  `NON_CONCUR_EFFECTIVE_DATE_TIME` varchar(50) NOT NULL DEFAULT '',
  `PHYSICIAN_REVIEWER` varchar(50) NOT NULL DEFAULT '',
  `CERTIFICATION_CONTACT` varchar(50) NOT NULL DEFAULT '',
  `CERTIFICATION_CONTACT_PHONE` varchar(50) NOT NULL DEFAULT '',
  `APPEAL_REASON` varchar(50) NOT NULL DEFAULT '',
  `CERTIFICATION_AGENCY` varchar(50) NOT NULL DEFAULT '',
  `CERTIFICATION_AGENCY_PHONE` varchar(50) NOT NULL DEFAULT '',
  `PRE_CERTIFICATION_REQUIREMENT` varchar(50) NOT NULL DEFAULT '',
  `CASE_MANAGER` varchar(50) NOT NULL DEFAULT '',
  `SECOND_OPINION_DATE` datetime NOT NULL,
  `SECOND_OPINION_STATUS` varchar(50) NOT NULL DEFAULT '',
  `SECOND_OPINION_DOCUMENTATION_RECEIVED` varchar(50) NOT NULL DEFAULT '',
  `SECOND_OPINION_PHYSICIAN` varchar(50) NOT NULL DEFAULT '',
  `CERTIFICATION_TYPE` varchar(50) NOT NULL DEFAULT '',
  `CERTIFICATION_CATEGORY` varchar(50) NOT NULL DEFAULT '',
  PRIMARY KEY (`ID`)
) ENGINE=InnoDB DEFAULT CHARSET=utf8mb4 COLLATE=utf8mb4_0900_ai_ci;
/*!40101 SET character_set_client = @saved_cs_client */;

--
-- Dumping data for table `INSURANCES_ADDITIONAL_INFORMATION_CERTIFICATION`
--

LOCK TABLES `INSURANCES_ADDITIONAL_INFORMATION_CERTIFICATION` WRITE;
/*!40000 ALTER TABLE `INSURANCES_ADDITIONAL_INFORMATION_CERTIFICATION` DISABLE KEYS */;
/*!40000 ALTER TABLE `INSURANCES_ADDITIONAL_INFORMATION_CERTIFICATION` ENABLE KEYS */;
UNLOCK TABLES;

--
-- Table structure for table `LOCATIONS`
--

DROP TABLE IF EXISTS `LOCATIONS`;
/*!40101 SET @saved_cs_client     = @@character_set_client */;
/*!50503 SET character_set_client = utf8mb4 */;
CREATE TABLE `LOCATIONS` (
  `LOCATIONID` int DEFAULT NULL,
  `POINTOFCARE` varchar(50) DEFAULT NULL,
  `ROOM` varchar(50) DEFAULT NULL,
  `BED` varchar(50) DEFAULT NULL,
  `FACILITY` varchar(50) DEFAULT NULL,
  `STATUS` varchar(50) DEFAULT NULL,
  `PERSONLOCATIONTYPE` varchar(50) DEFAULT NULL,
  `BUILDING` varchar(50) DEFAULT NULL,
  `FLOOR` varchar(50) DEFAULT NULL,
  `LOCATIONDESCRIPTION` varchar(50) DEFAULT NULL,
  `COMPREHENSIVELOCATIONID` varchar(50) DEFAULT NULL,
  `ASSIGNINGAUTHORITYOFLOCATION` varchar(50) DEFAULT NULL
) ENGINE=InnoDB DEFAULT CHARSET=utf8mb4 COLLATE=utf8mb4_0900_ai_ci;
/*!40101 SET character_set_client = @saved_cs_client */;

--
-- Dumping data for table `LOCATIONS`
--

LOCK TABLES `LOCATIONS` WRITE;
/*!40000 ALTER TABLE `LOCATIONS` DISABLE KEYS */;
INSERT INTO `LOCATIONS` VALUES (1,'ER','001','1','primary','inUse',NULL,'main','1',NULL,NULL,NULL),(2,'ER','001','2','primary','inUse',NULL,'main','1',NULL,NULL,NULL),(3,'ER','001','3','primary','inUse',NULL,'main','1',NULL,NULL,NULL),(4,'ER','001','4','primary','inUse',NULL,'main','1',NULL,NULL,NULL),(5,'ER','002','1','primary','inUse',NULL,'main','1',NULL,NULL,NULL),(6,'ER','002','2','primary','free',NULL,'main','1',NULL,NULL,NULL),(7,'ICU','003','1','primary','free',NULL,'main','1',NULL,NULL,NULL),(8,'ICU','003','2','primary','free',NULL,'main','1',NULL,NULL,NULL),(9,'ICU','004','1','primary','free',NULL,'main','1',NULL,NULL,NULL),(10,'ICU','004','2','primary','inUse',NULL,'main','1',NULL,NULL,NULL),(11,'ICU','005','1','primary','inUse',NULL,'main','1',NULL,NULL,NULL),(12,'ICU','005','2','primary','free',NULL,'main','1',NULL,NULL,NULL),(13,'ICU','005','3','primary','free',NULL,'main','1',NULL,NULL,NULL),(14,'CCU','001','1','primary','inUse',NULL,'main','2',NULL,NULL,NULL),(15,'CCU','001','2','primary','inUse',NULL,'main','2',NULL,NULL,NULL),(16,'CCU','002','1','primary','inUse',NULL,'main','2',NULL,NULL,NULL),(17,'CCU','002','2','primary','free',NULL,'main','2',NULL,NULL,NULL),(18,'NICU','003','1','primary','inUse',NULL,'main','2',NULL,NULL,NULL),(19,'NICU','003','2','primary','free',NULL,'main','2',NULL,NULL,NULL),(20,'PICU','004','1','primary','free',NULL,'main','2',NULL,NULL,NULL),(21,'PICU','004','2','primary','free',NULL,'main','2',NULL,NULL,NULL),(22,'OR','005','1','primary','inUse',NULL,'main','2',NULL,NULL,NULL),(23,'OR','006','1','primary','inUse',NULL,'main','2',NULL,NULL,NULL),(24,'OR','007','1','primary','inUse',NULL,'main','2',NULL,NULL,NULL),(25,'OR','008','1','primary','free',NULL,'main','2',NULL,NULL,NULL);
/*!40000 ALTER TABLE `LOCATIONS` ENABLE KEYS */;
UNLOCK TABLES;

--
-- Table structure for table `NEXTOFKIN`
--

DROP TABLE IF EXISTS `NEXTOFKIN`;
/*!40101 SET @saved_cs_client     = @@character_set_client */;
/*!50503 SET character_set_client = utf8mb4 */;
CREATE TABLE `NEXTOFKIN` (
  `NOKID` int NOT NULL AUTO_INCREMENT,
  `PATIENTID` int NOT NULL DEFAULT '0',
  `FAMILYNAME` varchar(50) CHARACTER SET utf8mb4 COLLATE utf8mb4_0900_ai_ci NOT NULL,
  `GIVENNAME` varchar(50) CHARACTER SET utf8mb4 COLLATE utf8mb4_0900_ai_ci NOT NULL,
  `RELATIONSHIP` varchar(35) CHARACTER SET utf8mb4 COLLATE utf8mb4_0900_ai_ci NOT NULL,
  `STREETADDRESS` varchar(50) CHARACTER SET utf8mb4 COLLATE utf8mb4_0900_ai_ci NOT NULL,
  `CITY` varchar(50) CHARACTER SET utf8mb4 COLLATE utf8mb4_0900_ai_ci NOT NULL,
  `STATEORPROVINCE` varchar(50) CHARACTER SET utf8mb4 COLLATE utf8mb4_0900_ai_ci NOT NULL,
  `ZIPORPOSTALCODE` varchar(50) CHARACTER SET utf8mb4 COLLATE utf8mb4_0900_ai_ci NOT NULL,
  `PHONENO` varchar(10) NOT NULL,
  `BUSINESSPHONE` varchar(10) NOT NULL,
  `CONTACTROLES` varchar(10) NOT NULL,
  `STARTDATE` varchar(10) NOT NULL,
  `ENDDATE` varchar(10) NOT NULL,
  `ASSOCIATEDPARTIESJOBTITLE` varchar(10) NOT NULL,
  `ASSOCIATEDPARTIESJOBCLASS` varchar(10) NOT NULL,
  `ASSOCIATEDPARTIESEMPNO` varchar(10) NOT NULL,
  `ORGANIZATIONNAME` varchar(10) CHARACTER SET utf8mb4 COLLATE utf8mb4_0900_ai_ci NOT NULL,
  `MARITALSTATUS` varchar(10) NOT NULL,
  `ADMINISTRATIVESEX` varchar(10) NOT NULL,
  `DATETIMEOFBIRTH` varchar(10) NOT NULL,
  `LIVINGDEPENDENCY` varchar(10) NOT NULL,
  `AMBULATORYSTATUS` varchar(10) NOT NULL,
  `CITIZENSHIP` varchar(10) NOT NULL,
  `PRIMARYLANGUAGE` varchar(10) NOT NULL,
  `LIVINGARRANGEMENT` varchar(10) NOT NULL,
  PRIMARY KEY (`NOKID`),
  KEY `NOKFK` (`PATIENTID`)
) ENGINE=InnoDB AUTO_INCREMENT=26 DEFAULT CHARSET=utf8mb4 COLLATE=utf8mb4_0900_ai_ci;
/*!40101 SET character_set_client = @saved_cs_client */;

--
-- Dumping data for table `NEXTOFKIN`
--

LOCK TABLES `NEXTOFKIN` WRITE;
/*!40000 ALTER TABLE `NEXTOFKIN` DISABLE KEYS */;
INSERT INTO `NEXTOFKIN` VALUES (21,121,'MARLEY','MARRY','MOTHER','WILSON','KELOWNA','BC','V1U4Y4','8737327733','7474747474','JDKFS','FDFDF','FSDFSDF','SFSDFDSFFS','SDFSFSDFS','SDFSFDSF','DSF','FGDDG','SDFSDFSDF','SDFSDFSD','SDFSDFSD','SDFSDFSD','SDFSDF','SDFSDF','SDFSF'),(22,431,'HILL','HANK','FATHER','CHARLIE','SDAFDSA','SADFSDA','FDSA','4545454545','4545454545','FDGDFG','DFGD','DFGDGDF','FDGFD','DFGD','DFGFD','DFGFDG','GFDGFD','DFGFD','DFGD','GFDFDG','GFDFDG','DFGFD','DFGDGFD','DFGFD'),(23,567,'HORSE','CHARLIE','BROTHER','SDFSDF','SDFSD','SDFSDF','DFSFSD','7676767676','6767676767','GFKJLDLK','FGDJLK','FGDJKL','FGDJLK','GFDHJ','FDGKHJFD','FGDFGD','FGDJLK','FGDJKL','FGDJLK','FGD','GFDL','FDG','FDJLLK','FGDJLK'),(24,444,'JOE','FRANKY','UNCLE','SDKJFL','DFSLKJF','FDSKJL','SDFLKJ','565656565','6565656566','JKLGFDJK','FDJKL','SDFJSDF','DFGFDKGL','FKJFDLGK','FDGJKL','FGDJLK','FDGJLK','GFDJLK','FDGJLK','GFDGFD','FDG','FDG','FGDFG','FDGDF'),(25,10006579,'DUCK','HUEY','SO','3583 DUCK RD','FOWL','CA','999990000','8885552222','Empty','Y','Empty','Empty','Empty','Empty','Empty','Empty','Empty','Empty','Empty','Empty','Empty','Empty','Empty','Empty');
/*!40000 ALTER TABLE `NEXTOFKIN` ENABLE KEYS */;
UNLOCK TABLES;

--
-- Table structure for table `OBSERVATIONS`
--

DROP TABLE IF EXISTS `OBSERVATIONS`;
/*!40101 SET @saved_cs_client     = @@character_set_client */;
/*!50503 SET character_set_client = utf8mb4 */;
CREATE TABLE `OBSERVATIONS` (
  `OBXID` int NOT NULL AUTO_INCREMENT,
  `OBSVALUETYPE` varchar(50) CHARACTER SET utf8mb4 COLLATE utf8mb4_0900_ai_ci NOT NULL DEFAULT '0',
  `OBSID` varchar(50) CHARACTER SET utf8mb4 COLLATE utf8mb4_0900_ai_ci NOT NULL DEFAULT '0',
  `SUBID` varchar(50) NOT NULL DEFAULT '0',
  `OBSVALUE` varchar(50) CHARACTER SET utf8mb4 COLLATE utf8mb4_0900_ai_ci NOT NULL DEFAULT '0',
  `UNITID` varchar(50) NOT NULL DEFAULT '0',
  `UNITTEXT` varchar(50) NOT NULL DEFAULT '0',
  `UNITNAMEOFCODINGSYSTEM` varchar(50) NOT NULL DEFAULT '0',
  `OBSRANGE` varchar(50) CHARACTER SET utf8mb4 COLLATE utf8mb4_0900_ai_ci NOT NULL DEFAULT '0',
  `INTERPRETATIONCODE` varchar(50) NOT NULL DEFAULT '0',
  `PROBABILITY` varchar(50) CHARACTER SET utf8mb4 COLLATE utf8mb4_0900_ai_ci NOT NULL DEFAULT '0',
  `NATUREOFABNORMALTEST` varchar(50) NOT NULL DEFAULT '0',
  `RESULTSTATUS` varchar(50) NOT NULL DEFAULT '0',
  `EFFECTIVEDATEOFREFERENCERANGE` varchar(50) NOT NULL DEFAULT '0',
  `USERTOFINDACCESSCHECKS` varchar(50) NOT NULL DEFAULT '0',
  `DATETIMEOFOBSERVATION` varchar(50) NOT NULL DEFAULT '0',
  `PRODUCERSID` varchar(50) NOT NULL DEFAULT '0',
  `RESPONSIBLEOBSERVER` varchar(50) NOT NULL DEFAULT '0',
  `OBSERVATIONMETHOD` varchar(50) NOT NULL DEFAULT '0',
  `EQUIPMENTINSTANCEID` varchar(50) NOT NULL DEFAULT '0',
  `MOODCODE` varchar(50) NOT NULL DEFAULT '0',
  `PERFORMINGORGANIZATIONNAME` varchar(50) NOT NULL DEFAULT '0',
  `PERFORMINGORGANIZATIONADDRESS` varchar(50) NOT NULL DEFAULT '0',
  `PERFORMINGORGANIZATIONMEDICALDIRECTORID` varchar(50) CHARACTER SET utf8mb4 COLLATE utf8mb4_0900_ai_ci NOT NULL DEFAULT '0',
  `PERFORMINGORGANIZATIONMEDICALDIRECTORGIVENNAME` varchar(50) NOT NULL DEFAULT '0',
  `PERFORMINGORGANIZATIONMEDICALDIRECTORFAMILYNAME` varchar(50) NOT NULL DEFAULT '0',
  `PATIENTRESULTSRELEASECATEGORY` varchar(50) NOT NULL DEFAULT '0',
  `ROOTCAUSE` varchar(50) NOT NULL DEFAULT '0',
  `LOCALPROCESSCONTROL` varchar(50) NOT NULL DEFAULT '0',
  PRIMARY KEY (`OBXID`)
) ENGINE=InnoDB AUTO_INCREMENT=9 DEFAULT CHARSET=utf8mb4 COLLATE=utf8mb4_0900_ai_ci;
/*!40101 SET character_set_client = @saved_cs_client */;

--
-- Dumping data for table `OBSERVATIONS`
--

LOCK TABLES `OBSERVATIONS` WRITE;
/*!40000 ALTER TABLE `OBSERVATIONS` DISABLE KEYS */;
/*!40000 ALTER TABLE `OBSERVATIONS` ENABLE KEYS */;
UNLOCK TABLES;

--
-- Table structure for table `PATIENTALLERGIESINFORMATION`
--

DROP TABLE IF EXISTS `PATIENTALLERGIESINFORMATION`;
/*!40101 SET @saved_cs_client     = @@character_set_client */;
/*!50503 SET character_set_client = utf8mb4 */;
CREATE TABLE `PATIENTALLERGIESINFORMATION` (
  `ALID` int NOT NULL AUTO_INCREMENT,
  `PATIENTID` int NOT NULL DEFAULT '0',
  `ALLERGINTYPECODE` varchar(50) NOT NULL DEFAULT '0',
  `ALLERGINCODEMNEMONICDESCRIPTION` varchar(50) NOT NULL DEFAULT '0',
  `ALLERGYSEVERITYCODE` varchar(50) NOT NULL DEFAULT '0',
  `ALLERGYREACTIONCODE` varchar(50) NOT NULL DEFAULT '0',
  `IDENTIFICATIONDATE` varchar(50) NOT NULL DEFAULT '0',
  PRIMARY KEY (`ALID`),
  KEY `ALFK` (`PATIENTID`)
) ENGINE=InnoDB DEFAULT CHARSET=utf8mb4 COLLATE=utf8mb4_0900_ai_ci;
/*!40101 SET character_set_client = @saved_cs_client */;

--
-- Dumping data for table `PATIENTALLERGIESINFORMATION`
--

LOCK TABLES `PATIENTALLERGIESINFORMATION` WRITE;
/*!40000 ALTER TABLE `PATIENTALLERGIESINFORMATION` DISABLE KEYS */;
/*!40000 ALTER TABLE `PATIENTALLERGIESINFORMATION` ENABLE KEYS */;
UNLOCK TABLES;

--
-- Table structure for table `PATIENTIDENTIFICATION`
--

DROP TABLE IF EXISTS `PATIENTIDENTIFICATION`;
/*!40101 SET @saved_cs_client     = @@character_set_client */;
/*!50503 SET character_set_client = utf8mb4 */;
CREATE TABLE `PATIENTIDENTIFICATION` (
  `PATIENTID` int NOT NULL DEFAULT '0',
  `ALTERNATEPATIENTID` varchar(45) CHARACTER SET utf8mb4 COLLATE utf8mb4_0900_ai_ci NOT NULL,
  `PATIENTFAMILYNAME` varchar(45) CHARACTER SET utf8mb4 COLLATE utf8mb4_0900_ai_ci NOT NULL,
  `PATIENTGIVENNAME` varchar(45) CHARACTER SET utf8mb4 COLLATE utf8mb4_0900_ai_ci NOT NULL,
  `MOTHERSMAIDENAME` varchar(45) CHARACTER SET utf8mb4 COLLATE utf8mb4_0900_ai_ci NOT NULL,
  `DATEOFBIRTH` varchar(45) CHARACTER SET utf8mb4 COLLATE utf8mb4_0900_ai_ci NOT NULL,
  `SEX` varchar(45) CHARACTER SET utf8mb4 COLLATE utf8mb4_0900_ai_ci NOT NULL,
  `PATIENTALIAS` varchar(45) CHARACTER SET utf8mb4 COLLATE utf8mb4_0900_ai_ci NOT NULL,
  `RACE` varchar(45) CHARACTER SET utf8mb4 COLLATE utf8mb4_0900_ai_ci NOT NULL,
  `COUNTYCODE` varchar(45) CHARACTER SET utf8mb4 COLLATE utf8mb4_0900_ai_ci NOT NULL,
  `PHONENUMBERHOME` varchar(45) CHARACTER SET utf8mb4 COLLATE utf8mb4_0900_ai_ci NOT NULL,
  `PHONENUMBERBUSINESS` varchar(45) CHARACTER SET utf8mb4 COLLATE utf8mb4_0900_ai_ci NOT NULL,
  `PRIMARYLANGUAGE` varchar(45) CHARACTER SET utf8mb4 COLLATE utf8mb4_0900_ai_ci NOT NULL,
  `MARITALSTATUS` varchar(45) CHARACTER SET utf8mb4 COLLATE utf8mb4_0900_ai_ci NOT NULL,
  `RELIGION` varchar(45) CHARACTER SET utf8mb4 COLLATE utf8mb4_0900_ai_ci NOT NULL,
  `PATIENTACCOUNTNO` varchar(45) CHARACTER SET utf8mb4 COLLATE utf8mb4_0900_ai_ci NOT NULL,
  `SSN` varchar(45) CHARACTER SET utf8mb4 COLLATE utf8mb4_0900_ai_ci NOT NULL,
  `DRIVERLICENSENO` varchar(45) CHARACTER SET utf8mb4 COLLATE utf8mb4_0900_ai_ci NOT NULL,
  `MOTHERSID` varchar(45) CHARACTER SET utf8mb4 COLLATE utf8mb4_0900_ai_ci NOT NULL,
  `ETHNICGROUP` varchar(45) CHARACTER SET utf8mb4 COLLATE utf8mb4_0900_ai_ci NOT NULL,
  `BIRTHPLACE` varchar(45) CHARACTER SET utf8mb4 COLLATE utf8mb4_0900_ai_ci NOT NULL,
  `MUTLIPLEBIRTHINDICATOR` varchar(45) CHARACTER SET utf8mb4 COLLATE utf8mb4_0900_ai_ci NOT NULL,
  `BIRTHORDER` varchar(45) CHARACTER SET utf8mb4 COLLATE utf8mb4_0900_ai_ci NOT NULL,
  `CITIZENSHIP` varchar(45) CHARACTER SET utf8mb4 COLLATE utf8mb4_0900_ai_ci NOT NULL,
  `VETERANSMILITARYSTATUS` varchar(45) CHARACTER SET utf8mb4 COLLATE utf8mb4_0900_ai_ci NOT NULL,
  `NATIONALITY` varchar(45) CHARACTER SET utf8mb4 COLLATE utf8mb4_0900_ai_ci NOT NULL,
  `PATIENTDEATHDATETIME` varchar(45) CHARACTER SET utf8mb4 COLLATE utf8mb4_0900_ai_ci NOT NULL,
  `PATIENTDEATHINDICATOR` varchar(45) CHARACTER SET utf8mb4 COLLATE utf8mb4_0900_ai_ci NOT NULL,
  PRIMARY KEY (`PATIENTID`)
) ENGINE=InnoDB DEFAULT CHARSET=utf8mb4 COLLATE=utf8mb4_0900_ai_ci;
/*!40101 SET character_set_client = @saved_cs_client */;

--
-- Dumping data for table `PATIENTIDENTIFICATION`
--

LOCK TABLES `PATIENTIDENTIFICATION` WRITE;
/*!40000 ALTER TABLE `PATIENTIDENTIFICATION` DISABLE KEYS */;
INSERT INTO `PATIENTIDENTIFICATION` VALUES (54,'122','MANCHEE','DEREK','Jane','1999','Male','Go','Caucasian','fdsfd','1234567899','fdgdg','English','dfgd','fdgfd','fdgd','dfgd','dfgd','sdfs','sdfs','sdfsd','sdfs','sdfsd','sdfs','sdf','sdfsd','sdfs','sdfsd'),(72,'345','JOE','MIKEY','Henny','1996','Male','Low','Hispanic','fdksj','3478347387','sdfsff','Spanish','jfdslkf','dfkssd','dsfsffsds','sdfssdssdf','sdfsdfsfsfd','sdfs','fdgfd','fshksdk','dskjd','dshfk','dsfhs','sdfsk','sdfsd','sdfs','fsdsd'),(78,'789','CANUEL','KEATON','Lisa','1998','Male','Yo','Caucasian','fdssdsd','5434354353','dfgdgfd','English','sdflksj','sdfjslk','sdfjdslkjdsk','sdfs','sdfds','fdgfd','fdgdg','hgjh','fds','hgjghj','jhg','hgjj','fsdfds','dsfsd','fdsfsd'),(121,'555','MARLEY','BOB','Marry','1992','Male','Geo','Caucasian','fdsa','8675743447','sfd','English','sfdsa','fdsa','fdsaf','fdsf','fdsaf','','fdsa','','','','','','','',''),(431,'123','HILL','BOBBY','Lisa','1999','Male','Go','African American','sdfsdf','5563542345','dsfsd','French','sdfsfs','sdfsdfs','sdfsdf','sdfsf','sdfdfs','','asdasd','','','','','','','',''),(444,'999','MARLEY','STEVEY','Marry','1988','Male','Grop','Caucasian','sdfsf','9835672323','dsfsdf','French','sdfsfddf','sfsdfsdfds','sdfsdffsd','sdfsdfdsd','sdfdsfdsfds','','dfgd','','','','','','','',''),(567,'654','ROSS','BOB','Jenny','1955','Male','Lawn','Caucasian','dsfds','5467896565','sdfsd','Spanish','sdfsdf','sdfds','fsdfs','sdfds','sdfs','','fsdfs','','','','','','','',''),(10006579,'Empty','DUCK','DONALD','Empty','2000','M','Empty','Caucasian','1','8885551212','8885551212','English','2','Empty','40007716','123121234','Empty','Empty','Empty','Empty','Empty','Empty','Empty','Empty','Empty','Empty','NO');
/*!40000 ALTER TABLE `PATIENTIDENTIFICATION` ENABLE KEYS */;
UNLOCK TABLES;

--
-- Table structure for table `PATIENTLIST`
--

DROP TABLE IF EXISTS `PATIENTLIST`;
/*!40101 SET @saved_cs_client     = @@character_set_client */;
/*!50503 SET character_set_client = utf8mb4 */;
CREATE TABLE `PATIENTLIST` (
  `PATIENTLISTID` varchar(50) DEFAULT NULL,
  `IDCHECKDIGIT` varchar(50) DEFAULT NULL,
  `CHECKDIGITSCHEME` varchar(50) DEFAULT NULL,
  `ASSIGNINGAUTHORITY` varchar(50) DEFAULT NULL,
  `IDTYPECODE` varchar(50) DEFAULT NULL,
  `ASSIGNINGFACILITY` varchar(50) DEFAULT NULL,
  `EFFECTIVEDATE` varchar(50) DEFAULT NULL,
  `EXPIRATIONDATE` varchar(50) DEFAULT NULL,
  `ASSIGNINGJURISDICTION` varchar(50) DEFAULT NULL,
  `ASSIGNINGAGENCYORDEPARTMENT` varchar(50) DEFAULT NULL,
  `SECURITYCHECK` varchar(50) DEFAULT NULL,
  `SECURITYCHECKSCHEME` varchar(50) DEFAULT NULL
) ENGINE=InnoDB DEFAULT CHARSET=utf8mb4 COLLATE=utf8mb4_0900_ai_ci;
/*!40101 SET character_set_client = @saved_cs_client */;

--
-- Dumping data for table `PATIENTLIST`
--

LOCK TABLES `PATIENTLIST` WRITE;
/*!40000 ALTER TABLE `PATIENTLIST` DISABLE KEYS */;
/*!40000 ALTER TABLE `PATIENTLIST` ENABLE KEYS */;
UNLOCK TABLES;

--
-- Table structure for table `PATIENTVISITS`
--

DROP TABLE IF EXISTS `PATIENTVISITS`;
/*!40101 SET @saved_cs_client     = @@character_set_client */;
/*!50503 SET character_set_client = utf8mb4 */;
CREATE TABLE `PATIENTVISITS` (
  `PATIENTVISITID` int NOT NULL AUTO_INCREMENT,
  `PATIENT_ID` int DEFAULT NULL,
  `PATIENTCLASS` varchar(45) CHARACTER SET utf8mb4 COLLATE utf8mb4_0900_ai_ci DEFAULT NULL,
  `ADMISSIONTYPE` varchar(45) CHARACTER SET utf8mb4 COLLATE utf8mb4_0900_ai_ci DEFAULT NULL,
  `PREADMITNO` varchar(45) CHARACTER SET utf8mb4 COLLATE utf8mb4_0900_ai_ci DEFAULT NULL,
  `PRIORPATIENTLOCATION` varchar(45) CHARACTER SET utf8mb4 COLLATE utf8mb4_0900_ai_ci DEFAULT NULL,
  `ATTENDING_DOCTOR_PERSON_IDENTIFIER` varchar(45) CHARACTER SET utf8mb4 COLLATE utf8mb4_0900_ai_ci DEFAULT NULL,
  `ATTENDING_DOCTOR_FAMILY_NAME` varchar(45) CHARACTER SET utf8mb4 COLLATE utf8mb4_0900_ai_ci DEFAULT NULL,
  `ATTENDING_DOCTOR_GIVEN_NAME` varchar(45) CHARACTER SET utf8mb4 COLLATE utf8mb4_0900_ai_ci DEFAULT NULL,
  `ATTENDINGDOCTORASSIGNINGAUTHORITY` varchar(45) CHARACTER SET utf8mb4 COLLATE utf8mb4_0900_ai_ci DEFAULT NULL,
  `ATTENDINGDOCTORIDENTIFIERTYPECODE` varchar(45) CHARACTER SET utf8mb4 COLLATE utf8mb4_0900_ai_ci DEFAULT NULL,
  `REFERRINGDOCTOR` varchar(45) CHARACTER SET utf8mb4 COLLATE utf8mb4_0900_ai_ci DEFAULT NULL,
  `CONSULTINGDOCTOR` varchar(45) CHARACTER SET utf8mb4 COLLATE utf8mb4_0900_ai_ci DEFAULT NULL,
  `HOSPITALSERVICE` varchar(45) CHARACTER SET utf8mb4 COLLATE utf8mb4_0900_ai_ci DEFAULT NULL,
  `TEMPORARYLOCATION` varchar(45) CHARACTER SET utf8mb4 COLLATE utf8mb4_0900_ai_ci DEFAULT NULL,
  `PREADMITTESTINDICATOR` varchar(45) CHARACTER SET utf8mb4 COLLATE utf8mb4_0900_ai_ci DEFAULT NULL,
  `READMISSIONINDICATOR` varchar(45) CHARACTER SET utf8mb4 COLLATE utf8mb4_0900_ai_ci DEFAULT NULL,
  `ADMITSOURCE` varchar(45) CHARACTER SET utf8mb4 COLLATE utf8mb4_0900_ai_ci DEFAULT NULL,
  `AMBULATORYSTATUS` varchar(45) CHARACTER SET utf8mb4 COLLATE utf8mb4_0900_ai_ci DEFAULT NULL,
  `VIPINDICATOR` varchar(45) CHARACTER SET utf8mb4 COLLATE utf8mb4_0900_ai_ci DEFAULT NULL,
  `ADMITTINGDOCTORPERSONIDENTIFIER` varchar(45) CHARACTER SET utf8mb4 COLLATE utf8mb4_0900_ai_ci DEFAULT NULL,
  `ADMITTINGDOCTORFAMILYNAME` varchar(45) CHARACTER SET utf8mb4 COLLATE utf8mb4_0900_ai_ci DEFAULT NULL,
  `ADMITTINGDOCTORGIVENNAME` varchar(45) CHARACTER SET utf8mb4 COLLATE utf8mb4_0900_ai_ci DEFAULT NULL,
  `ADMITTINGDOCTORASSIGNINGAUTHORITY` varchar(45) CHARACTER SET utf8mb4 COLLATE utf8mb4_0900_ai_ci DEFAULT NULL,
  `ADMITTINGDOCTORIDENTIFIERTYPECODE` varchar(45) CHARACTER SET utf8mb4 COLLATE utf8mb4_0900_ai_ci DEFAULT NULL,
  `PATIENTTYPE` varchar(45) CHARACTER SET utf8mb4 COLLATE utf8mb4_0900_ai_ci DEFAULT NULL,
  `VISITNO` varchar(45) CHARACTER SET utf8mb4 COLLATE utf8mb4_0900_ai_ci DEFAULT NULL,
  `FINANCIALCLASS` varchar(45) CHARACTER SET utf8mb4 COLLATE utf8mb4_0900_ai_ci DEFAULT NULL,
  `CHARGEPRICEINDICATOR` varchar(45) CHARACTER SET utf8mb4 COLLATE utf8mb4_0900_ai_ci DEFAULT NULL,
  `COURTESYCODE` varchar(45) CHARACTER SET utf8mb4 COLLATE utf8mb4_0900_ai_ci DEFAULT NULL,
  `CREDITRATING` varchar(45) CHARACTER SET utf8mb4 COLLATE utf8mb4_0900_ai_ci DEFAULT NULL,
  `CONTRACTCODE` varchar(45) CHARACTER SET utf8mb4 COLLATE utf8mb4_0900_ai_ci DEFAULT NULL,
  `CONTRACTEFFECTIVEDATE` varchar(50) DEFAULT NULL,
  `CONTRACTAMOUNT` varchar(45) CHARACTER SET utf8mb4 COLLATE utf8mb4_0900_ai_ci DEFAULT NULL,
  `CONTRACTPERIOD` varchar(45) CHARACTER SET utf8mb4 COLLATE utf8mb4_0900_ai_ci DEFAULT NULL,
  `INTERESTCODE` varchar(45) CHARACTER SET utf8mb4 COLLATE utf8mb4_0900_ai_ci DEFAULT NULL,
  `TRANSFERTOBADDEBTCODE` varchar(45) CHARACTER SET utf8mb4 COLLATE utf8mb4_0900_ai_ci DEFAULT NULL,
  `TRANSFERTOBADDEBTDATE` varchar(50) DEFAULT NULL,
  `BADDEBTAGENCYCODE` varchar(45) CHARACTER SET utf8mb4 COLLATE utf8mb4_0900_ai_ci DEFAULT NULL,
  `BADDEBTTRANSFERAMOUNT` varchar(45) CHARACTER SET utf8mb4 COLLATE utf8mb4_0900_ai_ci DEFAULT NULL,
  `BADDEBTRECOVERYAMOUNT` varchar(45) CHARACTER SET utf8mb4 COLLATE utf8mb4_0900_ai_ci DEFAULT NULL,
  `DELETEACCOUNTINDICATOR` varchar(45) CHARACTER SET utf8mb4 COLLATE utf8mb4_0900_ai_ci DEFAULT NULL,
  `DELETEACCOUNTDATE` varchar(50) DEFAULT NULL,
  `DISCHARGEDISPOSITION` varchar(45) CHARACTER SET utf8mb4 COLLATE utf8mb4_0900_ai_ci DEFAULT NULL,
  `DISCHARGEDTOLOCATION` varchar(45) CHARACTER SET utf8mb4 COLLATE utf8mb4_0900_ai_ci DEFAULT NULL,
  `DIETTYPE` varchar(45) CHARACTER SET utf8mb4 COLLATE utf8mb4_0900_ai_ci DEFAULT NULL,
  `SERVICINGFACILITY` varchar(45) CHARACTER SET utf8mb4 COLLATE utf8mb4_0900_ai_ci DEFAULT NULL,
  `BEDSTATUS` varchar(45) CHARACTER SET utf8mb4 COLLATE utf8mb4_0900_ai_ci DEFAULT NULL,
  `ACCOUNTSTATUS` varchar(45) CHARACTER SET utf8mb4 COLLATE utf8mb4_0900_ai_ci DEFAULT NULL,
  `PENDINGLOCATION` varchar(45) CHARACTER SET utf8mb4 COLLATE utf8mb4_0900_ai_ci DEFAULT NULL,
  `PRIORTEMPORARYLOCATION` varchar(45) CHARACTER SET utf8mb4 COLLATE utf8mb4_0900_ai_ci DEFAULT NULL,
  `ADMITDATETIME` varchar(50) DEFAULT NULL,
  `DISCHARGEDATETIME` varchar(50) DEFAULT NULL,
  `CURRENTPATIENTBALANCE` varchar(45) CHARACTER SET utf8mb4 COLLATE utf8mb4_0900_ai_ci DEFAULT NULL,
  `TOTALCHARGES` varchar(45) CHARACTER SET utf8mb4 COLLATE utf8mb4_0900_ai_ci DEFAULT NULL,
  `TOTALADJUSTMENTS` varchar(45) CHARACTER SET utf8mb4 COLLATE utf8mb4_0900_ai_ci DEFAULT NULL,
  `TOTALPAYMENTS` varchar(45) CHARACTER SET utf8mb4 COLLATE utf8mb4_0900_ai_ci DEFAULT NULL,
  `ALTERNATEVISITID` varchar(45) CHARACTER SET utf8mb4 COLLATE utf8mb4_0900_ai_ci DEFAULT NULL,
  PRIMARY KEY (`PATIENTVISITID`)
) ENGINE=InnoDB AUTO_INCREMENT=43 DEFAULT CHARSET=utf8mb4 COLLATE=utf8mb4_0900_ai_ci;
/*!40101 SET character_set_client = @saved_cs_client */;

--
-- Dumping data for table `PATIENTVISITS`
--

LOCK TABLES `PATIENTVISITS` WRITE;
/*!40000 ALTER TABLE `PATIENTVISITS` DISABLE KEYS */;
INSERT INTO `PATIENTVISITS` VALUES (20,54,'fgff',NULL,NULL,NULL,'31','Nickerson','Aubrey',NULL,NULL,NULL,NULL,NULL,NULL,NULL,NULL,NULL,NULL,NULL,NULL,NULL,NULL,NULL,NULL,NULL,NULL,NULL,NULL,NULL,NULL,NULL,NULL,NULL,NULL,NULL,NULL,NULL,NULL,NULL,NULL,NULL,'Empty','Empty','Empty','Empty','Empty','Empty','Empty','Empty','Empty','20050110045253',NULL,NULL,NULL,NULL,NULL,NULL),(22,78,NULL,NULL,NULL,NULL,'31','Nickerson','Aubrey',NULL,NULL,NULL,NULL,NULL,NULL,NULL,NULL,NULL,NULL,NULL,NULL,NULL,NULL,NULL,NULL,NULL,NULL,NULL,NULL,NULL,NULL,NULL,NULL,NULL,NULL,NULL,NULL,NULL,NULL,NULL,NULL,NULL,'Empty','Empty','Empty','Empty','Empty','Empty','Empty','Empty','Empty','20050110045253',NULL,NULL,NULL,NULL,NULL,NULL),(23,121,NULL,NULL,NULL,NULL,'31','Nickerson','Aubrey',NULL,NULL,NULL,NULL,NULL,NULL,NULL,NULL,NULL,NULL,NULL,NULL,NULL,NULL,NULL,NULL,NULL,NULL,NULL,NULL,NULL,NULL,NULL,NULL,NULL,NULL,NULL,NULL,NULL,NULL,NULL,NULL,NULL,'Empty','Empty','Empty','Empty','Empty','Empty','Empty','Empty','Empty','20050110045253',NULL,NULL,NULL,NULL,NULL,NULL),(24,431,NULL,NULL,NULL,NULL,'31','Nickerson','Aubrey',NULL,NULL,NULL,NULL,NULL,NULL,NULL,NULL,NULL,NULL,NULL,NULL,NULL,NULL,NULL,NULL,NULL,NULL,NULL,NULL,NULL,NULL,NULL,NULL,NULL,NULL,NULL,NULL,NULL,NULL,NULL,NULL,NULL,'Empty','Empty','Empty','Empty','Empty','Empty','Empty','Empty','Empty','20050110045253',NULL,NULL,NULL,NULL,NULL,NULL),(25,444,NULL,NULL,NULL,NULL,'31','Nickerson','Aubrey',NULL,NULL,NULL,NULL,NULL,NULL,NULL,NULL,NULL,NULL,NULL,NULL,NULL,NULL,NULL,NULL,NULL,NULL,NULL,NULL,NULL,NULL,NULL,NULL,NULL,NULL,NULL,NULL,NULL,NULL,NULL,NULL,NULL,'Empty','Empty','Empty','Empty','Empty','Empty','Empty','Empty','Empty','20050110045253',NULL,NULL,NULL,NULL,NULL,NULL),(26,567,NULL,NULL,NULL,NULL,'31','Nickerson','Aubrey',NULL,NULL,NULL,NULL,NULL,NULL,NULL,NULL,NULL,NULL,NULL,NULL,NULL,NULL,NULL,NULL,NULL,NULL,NULL,NULL,NULL,NULL,NULL,NULL,NULL,NULL,NULL,NULL,NULL,NULL,NULL,NULL,NULL,'Empty','Empty','Empty','Empty','Empty','Empty','Empty','Empty','Empty','20050110045253',NULL,NULL,NULL,NULL,NULL,NULL),(34,38427039,'P','A','234570','DATICA HOSPITAL B','29763487','CANTRELL','JESSICA',NULL,NULL,NULL,NULL,'CAR',NULL,'N','Empty','8','B6','Empty','64295772','BELTRAN','JASON',NULL,NULL,'U','211419','A23','R','N','G','44','2015-12-12 00:00:00','66.14','1','C','B','Empty','Empty','Empty','Empty','Empty','Empty','Empty','Empty','Empty','Empty','Empty','Empty','Empty','Empty','Empty',NULL,NULL,NULL,NULL,NULL,NULL),(35,38427039,'P','A','234570','DATICA HOSPITAL B','29763487','CANTRELL','JESSICA',NULL,NULL,NULL,NULL,'CAR',NULL,'N','Empty','8','B6','Empty','64295772','BELTRAN','JASON',NULL,NULL,'U','211419','A23','R','N','G','44','2015-12-12 00:00:00','66.14','1','C','B','Empty','Empty','Empty','Empty','Empty','Empty','Empty','Empty','Empty','Empty','Empty','Empty','Empty','Empty','Empty',NULL,NULL,NULL,NULL,NULL,NULL),(36,38427039,'P','A','234570','DATICA HOSPITAL B','29763487','CANTRELL','JESSICA',NULL,NULL,NULL,NULL,'CAR',NULL,'N','Empty','8','B6','Empty','64295772','BELTRAN','JASON',NULL,NULL,'U','211419','A23','R','N','G','44','2015-12-12 00:00:00','66.14','1','C','B','Empty','Empty','Empty','Empty','Empty','Empty','Empty','Empty','Empty','Empty','Empty','Empty','Empty','Empty','Empty',NULL,NULL,NULL,NULL,NULL,NULL),(37,38427039,'P','A','234570','DATICA HOSPITAL B','29763487','CANTRELL','JESSICA',NULL,NULL,NULL,NULL,'CAR',NULL,'N','Empty','8','B6','Empty','64295772','BELTRAN','JASON',NULL,NULL,'U','211419','A23','R','N','G','44','2015-12-12 00:00:00','66.14','1','C','B','Empty','Empty','Empty','Empty','Empty','Empty','Empty','Empty','Empty','Empty','Empty','Empty','Empty','Empty','Empty',NULL,NULL,NULL,NULL,NULL,NULL),(38,10006579,'I','3','Empty','1','37','DISNEY','WALT',NULL,NULL,NULL,NULL,'01',NULL,'Empty','Empty','1','Empty','Empty','37','DISNEY','WALT',NULL,NULL,'2','40007716','4','Empty','Empty','Empty','Empty','Empty','Empty','Empty','Empty','Empty','Empty','Empty','Empty','Empty','Empty','Empty','Empty','Empty','Empty','1','Empty','G','Empty','Empty','20050110045253',NULL,NULL,NULL,NULL,NULL,NULL),(39,38427039,'P','A','234570','DATICA HOSPITAL A','29763487','CANTRELL','JESSICA',NULL,NULL,NULL,NULL,'CAR',NULL,'N','Empty','8','B6','Empty','64295772','BELTRAN','JASON',NULL,NULL,'U','211419','A23','R','N','G','44','20151212','66.14','1','C','B','Empty','Empty','Empty','Empty','Empty','Empty','Empty','Empty','Empty','Empty','Empty','Empty','Empty','Empty','Empty',NULL,NULL,NULL,NULL,NULL,NULL),(42,543,'P','S','D','Dj','34532`','Dfdjj','dfj',NULL,NULL,NULL,NULL,NULL,NULL,NULL,NULL,NULL,NULL,NULL,NULL,NULL,NULL,NULL,NULL,NULL,NULL,NULL,NULL,NULL,NULL,NULL,NULL,NULL,NULL,NULL,NULL,NULL,NULL,NULL,NULL,NULL,NULL,NULL,NULL,NULL,NULL,NULL,NULL,NULL,NULL,NULL,NULL,NULL,NULL,NULL,NULL,NULL);
/*!40000 ALTER TABLE `PATIENTVISITS` ENABLE KEYS */;
UNLOCK TABLES;
/*!50003 SET @saved_cs_client      = @@character_set_client */ ;
/*!50003 SET @saved_cs_results     = @@character_set_results */ ;
/*!50003 SET @saved_col_connection = @@collation_connection */ ;
/*!50003 SET character_set_client  = utf8mb4 */ ;
/*!50003 SET character_set_results = utf8mb4 */ ;
/*!50003 SET collation_connection  = utf8mb4_0900_ai_ci */ ;
/*!50003 SET @saved_sql_mode       = @@sql_mode */ ;
/*!50003 SET sql_mode              = 'ONLY_FULL_GROUP_BY,STRICT_TRANS_TABLES,NO_ZERO_IN_DATE,NO_ZERO_DATE,ERROR_FOR_DIVISION_BY_ZERO,NO_ENGINE_SUBSTITUTION' */ ;
DELIMITER ;;
/*!50003 CREATE*/ /*!50017 DEFINER=`python-user`@`%`*/ /*!50003 TRIGGER `PATIENTVISITS_TRIGGER` BEFORE INSERT ON `PATIENTVISITS` FOR EACH ROW BEGIN
  DECLARE vUserID INT;
  SELECT USER_ID INTO vUserID
  FROM ROLES
  WHERE USER_ID = NEW.PATIENT_ID;
  IF vUserID IS NOT NULL THEN
    UPDATE ROLES 
	 SET IS_ACTIVE = 1
	 WHERE USER_ID = NEW.PATIENT_ID;
  END IF;
END */;;
DELIMITER ;
/*!50003 SET sql_mode              = @saved_sql_mode */ ;
/*!50003 SET character_set_client  = @saved_cs_client */ ;
/*!50003 SET character_set_results = @saved_cs_results */ ;
/*!50003 SET collation_connection  = @saved_col_connection */ ;
/*!50003 SET @saved_cs_client      = @@character_set_client */ ;
/*!50003 SET @saved_cs_results     = @@character_set_results */ ;
/*!50003 SET @saved_col_connection = @@collation_connection */ ;
/*!50003 SET character_set_client  = utf8mb4 */ ;
/*!50003 SET character_set_results = utf8mb4 */ ;
/*!50003 SET collation_connection  = utf8mb4_0900_ai_ci */ ;
/*!50003 SET @saved_sql_mode       = @@sql_mode */ ;
/*!50003 SET sql_mode              = 'ONLY_FULL_GROUP_BY,STRICT_TRANS_TABLES,NO_ZERO_IN_DATE,NO_ZERO_DATE,ERROR_FOR_DIVISION_BY_ZERO,NO_ENGINE_SUBSTITUTION' */ ;
DELIMITER ;;
/*!50003 CREATE*/ /*!50017 DEFINER=`python-user`@`%`*/ /*!50003 TRIGGER `PATIENTVISITS_DATE_TRIGGER` BEFORE INSERT ON `PATIENTVISITS` FOR EACH ROW BEGIN
   IF NEW.DISCHARGEDATETIME IS NOT NULL THEN
      UPDATE ROLES
      SET IS_ACTIVE = 0
		WHERE USER_ID = NEW.PATIENT_ID;
   END IF;
END */;;
DELIMITER ;
/*!50003 SET sql_mode              = @saved_sql_mode */ ;
/*!50003 SET character_set_client  = @saved_cs_client */ ;
/*!50003 SET character_set_results = @saved_cs_results */ ;
/*!50003 SET collation_connection  = @saved_col_connection */ ;

--
-- Table structure for table `PATIENT_ADDITIONAL_DEMOGRAPHIC`
--

DROP TABLE IF EXISTS `PATIENT_ADDITIONAL_DEMOGRAPHIC`;
/*!40101 SET @saved_cs_client     = @@character_set_client */;
/*!50503 SET character_set_client = utf8mb4 */;
CREATE TABLE `PATIENT_ADDITIONAL_DEMOGRAPHIC` (
  `ID` int NOT NULL AUTO_INCREMENT,
  `PATIENT_ID` int NOT NULL DEFAULT '0',
  `LIVING_DEPENDENCY` char(50) NOT NULL DEFAULT '0',
  `LIVING_ARRANGEMENT` char(50) NOT NULL DEFAULT '0',
  `PATIENT_PRIMARY_FACILITY` varchar(50) NOT NULL DEFAULT '0',
  `PATIENT_PRIMARY_CARE_PROVIDER_NAME_AND_ID` varchar(50) NOT NULL DEFAULT '0',
  `STUDENT_INDICATOR` char(50) NOT NULL DEFAULT '0',
  `HANDICAP` varchar(50) NOT NULL DEFAULT '0',
  `LIVING_WILL_CODE` char(50) NOT NULL DEFAULT '0',
  `ORGAN_DONOR_CODE` char(50) NOT NULL DEFAULT '0',
  `SEPARATE_BILL` char(50) NOT NULL DEFAULT '0',
  `DUPLICATE_PATIENT` varchar(50) NOT NULL DEFAULT '0',
  `PUBLICITY_CODE` varchar(50) NOT NULL DEFAULT '0',
  `PROTECTION_INDICATOR` varchar(50) NOT NULL DEFAULT '0',
  `PROTECTION_INDICATOR_EFFECTIVE_DATE` datetime DEFAULT NULL,
  `PLACE_OF_WORSHIP` varchar(50) NOT NULL DEFAULT '0',
  `ADVANCED_DIRECTIVE_CODE` varchar(50) NOT NULL DEFAULT '0',
  `IMMUNIZATION_REGISTRY_STATUS` varchar(50) NOT NULL DEFAULT '0',
  `IMMUNIZATION_STATUS_EFFECTIVE_DATE` datetime DEFAULT NULL,
  `PUBLICITY_CODE_EFFECTIVE_DATE` datetime DEFAULT NULL,
  `MILITARY_BRANCH` varchar(50) NOT NULL DEFAULT '0',
  `MILITARY_RANK_GRADE` varchar(50) NOT NULL DEFAULT '0',
  `MILITARY_STATUS` varchar(50) NOT NULL DEFAULT '0',
  `ADVANCED_DIRECTIVE_LAST_VERIFIED_DATE` datetime DEFAULT NULL,
  PRIMARY KEY (`ID`)
) ENGINE=InnoDB DEFAULT CHARSET=utf8mb4 COLLATE=utf8mb4_0900_ai_ci;
/*!40101 SET character_set_client = @saved_cs_client */;

--
-- Dumping data for table `PATIENT_ADDITIONAL_DEMOGRAPHIC`
--

LOCK TABLES `PATIENT_ADDITIONAL_DEMOGRAPHIC` WRITE;
/*!40000 ALTER TABLE `PATIENT_ADDITIONAL_DEMOGRAPHIC` DISABLE KEYS */;
/*!40000 ALTER TABLE `PATIENT_ADDITIONAL_DEMOGRAPHIC` ENABLE KEYS */;
UNLOCK TABLES;

--
-- Table structure for table `PATIENT_DEATH_AND_AUTOPSY`
--

DROP TABLE IF EXISTS `PATIENT_DEATH_AND_AUTOPSY`;
/*!40101 SET @saved_cs_client     = @@character_set_client */;
/*!50503 SET character_set_client = utf8mb4 */;
CREATE TABLE `PATIENT_DEATH_AND_AUTOPSY` (
  `ID` int NOT NULL AUTO_INCREMENT,
  `PATIENT_ID` int DEFAULT NULL,
  `DEATH_CAUSE_CODE` varchar(50) DEFAULT NULL,
  `DEATH_LOCATION` varchar(50) DEFAULT NULL,
  `DEATH_CERTIFIED_INIDCATOR` char(50) DEFAULT NULL,
  `DEATH_CERTIFICATE_DATE_TIME` datetime DEFAULT NULL,
  `DEATH_CERTIFIED_BY` varchar(50) DEFAULT NULL,
  `AUTOPSY_INIDCATOR` char(50) DEFAULT NULL,
  `AUTOPSY_START_DATE_TIME` datetime DEFAULT NULL,
  `AUTOPSY_END_DATE_TIME` datetime DEFAULT NULL,
  `AUTOPSY_PERFORMED_BY` varchar(50) DEFAULT NULL,
  `CORONER_INDICATOR` char(50) DEFAULT NULL,
  PRIMARY KEY (`ID`)
) ENGINE=InnoDB DEFAULT CHARSET=utf8mb4 COLLATE=utf8mb4_0900_ai_ci;
/*!40101 SET character_set_client = @saved_cs_client */;

--
-- Dumping data for table `PATIENT_DEATH_AND_AUTOPSY`
--

LOCK TABLES `PATIENT_DEATH_AND_AUTOPSY` WRITE;
/*!40000 ALTER TABLE `PATIENT_DEATH_AND_AUTOPSY` DISABLE KEYS */;
/*!40000 ALTER TABLE `PATIENT_DEATH_AND_AUTOPSY` ENABLE KEYS */;
UNLOCK TABLES;

--
-- Table structure for table `PATIENT_SCHEDULES`
--

DROP TABLE IF EXISTS `PATIENT_SCHEDULES`;
/*!40101 SET @saved_cs_client     = @@character_set_client */;
/*!50503 SET character_set_client = utf8mb4 */;
CREATE TABLE `PATIENT_SCHEDULES` (
  `PATIENT_ID` int DEFAULT NULL,
  `SCHEDULE_ID` int NOT NULL AUTO_INCREMENT,
  `DOCTOR` varchar(50) DEFAULT NULL,
  `ISSUE` varchar(50) DEFAULT NULL,
  `DATE` datetime DEFAULT NULL,
  PRIMARY KEY (`SCHEDULE_ID`)
) ENGINE=InnoDB AUTO_INCREMENT=4 DEFAULT CHARSET=utf8mb4 COLLATE=utf8mb4_0900_ai_ci;
/*!40101 SET character_set_client = @saved_cs_client */;

--
-- Dumping data for table `PATIENT_SCHEDULES`
--

LOCK TABLES `PATIENT_SCHEDULES` WRITE;
/*!40000 ALTER TABLE `PATIENT_SCHEDULES` DISABLE KEYS */;
INSERT INTO `PATIENT_SCHEDULES` VALUES (54,1,'Aubrey Nickerson','Covid Test','2021-02-23 00:00:00'),(54,2,'Aubrey Nickerson','Headache','2021-02-20 00:00:00'),(78,3,'Aubrey Nickerson','Broken Leg','2021-02-20 00:00:00');
/*!40000 ALTER TABLE `PATIENT_SCHEDULES` ENABLE KEYS */;
UNLOCK TABLES;

--
-- Table structure for table `PATIENT_VISITS_ADDITIONAL_INFORMATION`
--

DROP TABLE IF EXISTS `PATIENT_VISITS_ADDITIONAL_INFORMATION`;
/*!40101 SET @saved_cs_client     = @@character_set_client */;
/*!50503 SET character_set_client = utf8mb4 */;
CREATE TABLE `PATIENT_VISITS_ADDITIONAL_INFORMATION` (
  `ID` int NOT NULL AUTO_INCREMENT,
  `PATIENT_ID` int NOT NULL DEFAULT '0',
  `PRIOR_PENDING_LOCATION` varchar(50) CHARACTER SET utf8mb4 COLLATE utf8mb4_0900_ai_ci DEFAULT '0',
  `ACCOMODATION_CODE` varchar(50) CHARACTER SET utf8mb4 COLLATE utf8mb4_0900_ai_ci DEFAULT '0',
  `ADMIT_REASON` varchar(50) CHARACTER SET utf8mb4 COLLATE utf8mb4_0900_ai_ci DEFAULT '0',
  `TRANSFER_LEASE` varchar(50) CHARACTER SET utf8mb4 COLLATE utf8mb4_0900_ai_ci DEFAULT '0',
  `PATIENT_VALUABLES` varchar(50) CHARACTER SET utf8mb4 COLLATE utf8mb4_0900_ai_ci DEFAULT '0',
  `PATIENT_VALUABLES_LOCATION` varchar(50) CHARACTER SET utf8mb4 COLLATE utf8mb4_0900_ai_ci DEFAULT '0',
  `VISIT_USER_CODE` varchar(50) CHARACTER SET utf8mb4 COLLATE utf8mb4_0900_ai_ci DEFAULT '0',
  `EXPECTED_ADMIT_DATE_TIME` datetime DEFAULT NULL,
  `EXPECTED_DISCHARGE_DATE_TIME` datetime DEFAULT NULL,
  `ESTIMATED_LENGTH_OF_PATIENTS_STAY` double DEFAULT '0',
  `ACTUAL_LENGTH_OF_PATIENTS_STAY` double DEFAULT '0',
  `VISIT_DESCRIPTION` varchar(50) CHARACTER SET utf8mb4 COLLATE utf8mb4_0900_ai_ci DEFAULT '0',
  `REFERRAL_SOURCE_CODE` varchar(50) CHARACTER SET utf8mb4 COLLATE utf8mb4_0900_ai_ci DEFAULT '0',
  `PREVIOUS_SERVICE_DATE` datetime DEFAULT NULL,
  `EMPLOYMENT_ILLNESS_RELATED_INIDICATOR` varchar(50) CHARACTER SET utf8mb4 COLLATE utf8mb4_0900_ai_ci DEFAULT '',
  `PURGE_STATUS_CODE` varchar(50) CHARACTER SET utf8mb4 COLLATE utf8mb4_0900_ai_ci DEFAULT '',
  `PURGE_STATUS_DATE` datetime DEFAULT NULL,
  `SPECIAL_PROGRAM_CODE` varchar(50) CHARACTER SET utf8mb4 COLLATE utf8mb4_0900_ai_ci DEFAULT '',
  `RETENTION_INDICATOR` varchar(50) CHARACTER SET utf8mb4 COLLATE utf8mb4_0900_ai_ci DEFAULT '',
  `EXPECTED_NUMBER_OF_INSURANCE_PLANS` int DEFAULT '0',
  `VISIT_PUBLICITY_CODE` varchar(50) CHARACTER SET utf8mb4 COLLATE utf8mb4_0900_ai_ci DEFAULT '0',
  `VISIT_PROTECTION_INDICATOR` char(50) CHARACTER SET utf8mb4 COLLATE utf8mb4_0900_ai_ci DEFAULT '0',
  `CLINIC_ORGANIZATION_NAME` varchar(50) CHARACTER SET utf8mb4 COLLATE utf8mb4_0900_ai_ci DEFAULT '0',
  `PATIENT_STATUS_CODE` varchar(50) CHARACTER SET utf8mb4 COLLATE utf8mb4_0900_ai_ci DEFAULT '0',
  `VISIT_PRIORITY_CODE` varchar(50) CHARACTER SET utf8mb4 COLLATE utf8mb4_0900_ai_ci DEFAULT '0',
  `PREVIOUS_TREATMENT_DATE` datetime DEFAULT NULL,
  `EXPECTED_DISCHARGE_POSITION` varchar(50) CHARACTER SET utf8mb4 COLLATE utf8mb4_0900_ai_ci DEFAULT '0',
  `SIGNATURE_ON_FILE_DATE` datetime DEFAULT NULL,
  `FIRST_SIMILAR_ILLNESS_DATE` datetime DEFAULT NULL,
  `PATIENT_CHARGE_ADJUSTMENT_CODE` varchar(50) CHARACTER SET utf8mb4 COLLATE utf8mb4_0900_ai_ci DEFAULT '0',
  `RECURRING_SERVICE_CODE` varchar(50) CHARACTER SET utf8mb4 COLLATE utf8mb4_0900_ai_ci DEFAULT '0',
  `BILLING_MEDIA_CODE` char(50) CHARACTER SET utf8mb4 COLLATE utf8mb4_0900_ai_ci DEFAULT '0',
  `EXPECTED_SURGERY_DATE_TIME` datetime DEFAULT NULL,
  `MILITARY_PARTNERSHIP_CODE` char(50) CHARACTER SET utf8mb4 COLLATE utf8mb4_0900_ai_ci DEFAULT '0',
  `MILITARY_NON_AVAILABILITY_CODE` char(50) CHARACTER SET utf8mb4 COLLATE utf8mb4_0900_ai_ci DEFAULT '0',
  `NEW_BORN_BABY_INDICATOR` char(50) CHARACTER SET utf8mb4 COLLATE utf8mb4_0900_ai_ci DEFAULT '0',
  `BABY_DETAINED_INDICATOR` char(50) CHARACTER SET utf8mb4 COLLATE utf8mb4_0900_ai_ci DEFAULT '0',
  `MODE_OF_ARRIVAL_CODE` char(50) CHARACTER SET utf8mb4 COLLATE utf8mb4_0900_ai_ci DEFAULT '0',
  `RECREATIONAL_DRUG_USE_CODE` char(50) CHARACTER SET utf8mb4 COLLATE utf8mb4_0900_ai_ci DEFAULT '0',
  `ADMISSION_LEVEL_OF_CARE_CODE` varchar(50) CHARACTER SET utf8mb4 COLLATE utf8mb4_0900_ai_ci DEFAULT '0',
  `PRECAUTION_CODE` char(50) CHARACTER SET utf8mb4 COLLATE utf8mb4_0900_ai_ci DEFAULT '0',
  `PATIENT_CONDITION_CODE` varchar(50) CHARACTER SET utf8mb4 COLLATE utf8mb4_0900_ai_ci DEFAULT '0',
  `LIVING_WILL_CODE` varchar(50) CHARACTER SET utf8mb4 COLLATE utf8mb4_0900_ai_ci DEFAULT '0',
  `ORGAN_DONOR_CODE` varchar(50) CHARACTER SET utf8mb4 COLLATE utf8mb4_0900_ai_ci DEFAULT '0',
  `ADVANCED_DIRECTIVE_CODE` varchar(50) CHARACTER SET utf8mb4 COLLATE utf8mb4_0900_ai_ci DEFAULT '0',
  `PATIENT_STATUS_EFFECTIVE_DATE` datetime DEFAULT NULL,
  `EXPECTED_LOA_RETURN_DATE_TIME` datetime DEFAULT NULL,
  `EXPECTED_PREADMISSION_TESTING_DATE_TIME` datetime DEFAULT NULL,
  `NOTIFY_CLERGY_CODE` char(50) CHARACTER SET utf8mb4 COLLATE utf8mb4_0900_ai_ci DEFAULT '',
  `ADVANCED_DIRECTIVE_LAST_VERIFIED_DATE` datetime DEFAULT NULL,
  PRIMARY KEY (`ID`)
) ENGINE=InnoDB DEFAULT CHARSET=utf8mb4 COLLATE=utf8mb4_0900_ai_ci;
/*!40101 SET character_set_client = @saved_cs_client */;

--
-- Dumping data for table `PATIENT_VISITS_ADDITIONAL_INFORMATION`
--

LOCK TABLES `PATIENT_VISITS_ADDITIONAL_INFORMATION` WRITE;
/*!40000 ALTER TABLE `PATIENT_VISITS_ADDITIONAL_INFORMATION` DISABLE KEYS */;
/*!40000 ALTER TABLE `PATIENT_VISITS_ADDITIONAL_INFORMATION` ENABLE KEYS */;
UNLOCK TABLES;

--
-- Table structure for table `PHARMACY_PRESCRIPTION_ORDER_SEGMENT`
--

DROP TABLE IF EXISTS `PHARMACY_PRESCRIPTION_ORDER_SEGMENT`;
/*!40101 SET @saved_cs_client     = @@character_set_client */;
/*!50503 SET character_set_client = utf8mb4 */;
CREATE TABLE `PHARMACY_PRESCRIPTION_ORDER_SEGMENT` (
  `PHARMACY_ID` int NOT NULL AUTO_INCREMENT,
  `PATIENT_ID` int NOT NULL DEFAULT '0',
  `REQUESTED_GIVE_AMOUNT_MINIMUM` varchar(50) NOT NULL DEFAULT '0',
  `REQUESTED_GIVE_AMOUNT_MAXIMUM` varchar(50) NOT NULL DEFAULT '0',
  `REQUESTED_GIVE_UNITS` varchar(50) NOT NULL DEFAULT '0',
  `REQUESTED_DOSAGE_FORM` varchar(50) NOT NULL DEFAULT '0',
  `PROVIDERS_PHARMACY_INSTRUCTIONS` varchar(50) NOT NULL DEFAULT '0',
  `PROVIDERS_ADMINISTRATION_INSTRUCTIONS` varchar(50) NOT NULL DEFAULT '0',
  `DELIVER_TO_LOCATION` varchar(50) NOT NULL DEFAULT '0',
  `ALLOW_SUBSTITUTIONS` varchar(50) NOT NULL DEFAULT '0',
  `REQUESTED_DISPENSE_CODE` varchar(50) NOT NULL DEFAULT '0',
  `REQUESTED_DISPENSE_AMOUNT` varchar(50) NOT NULL DEFAULT '0',
  `REQUESTED_DISPENSE_UNITS` varchar(50) NOT NULL DEFAULT '0',
  `NUMBER_OF_REFILLS` varchar(50) NOT NULL DEFAULT '0',
  `ORDER_PROVIDERS_DEA_NUMBER` varchar(50) NOT NULL DEFAULT '0',
  `PHARMACIST_TREATMENT_SUPPLIERS_VERIFIER_ID` varchar(50) NOT NULL DEFAULT '0',
  `NEEDS_HUMAN_REVIEW` varchar(50) NOT NULL DEFAULT '0',
  `REQUESTED_GIVE_PER` varchar(50) NOT NULL DEFAULT '0',
  `REQUESTED_GIVE_STRENGTH` varchar(50) NOT NULL DEFAULT '0',
  `REQUESTED_GIVE_STRENGTH_UNITS` varchar(50) NOT NULL DEFAULT '0',
  `INDICATION` varchar(50) NOT NULL DEFAULT '0',
  `REQUESTED_GIVE_RATE_AMOUNT` varchar(50) NOT NULL DEFAULT '0',
  `REQUESTED_GIVE_RATE_UNITS` varchar(50) NOT NULL DEFAULT '0',
  PRIMARY KEY (`PHARMACY_ID`)
) ENGINE=InnoDB AUTO_INCREMENT=9 DEFAULT CHARSET=utf8mb4 COLLATE=utf8mb4_0900_ai_ci;
/*!40101 SET character_set_client = @saved_cs_client */;

--
-- Dumping data for table `PHARMACY_PRESCRIPTION_ORDER_SEGMENT`
--

LOCK TABLES `PHARMACY_PRESCRIPTION_ORDER_SEGMENT` WRITE;
/*!40000 ALTER TABLE `PHARMACY_PRESCRIPTION_ORDER_SEGMENT` DISABLE KEYS */;
INSERT INTO `PHARMACY_PRESCRIPTION_ORDER_SEGMENT` VALUES (1,54,'23','46','1mlg','1mlg','Press Play','Let me in.','Wilson','Yes','123','0','0','3','0','0','0','0','0','0','0','0','0'),(2,78,'11','55','2mlg','2mlg','Hold on','Do not take excessive amounts.','Charlie Street','No','0','0','0','3','0','0','0','0','0','0','0','0','0'),(3,121,'12','30','2mlg','3mlg','Do not throw away','Leave in special container.','Larry Ave','No','0','0','0','2','0','0','0','0','0','0','0','0','0'),(4,431,'8','18','2mlg','1mlg','Keep in bag.','Take 3 doses only.','Mikey Street','Yes','0','0','0','3','0','0','0','0','0','0','0','0','0'),(5,444,'9','12','1mlg','3mlg','Do not throw in trash.','Do not throw in trash','Johnny Ave','Yes','0','0','0','4','0','0','0','0','0','0','0','0','0'),(6,567,'2','11','4mlg','5mlg','Place in high shelf','Place in cabinet','Kyro Street','No','0','0','0','2','0','0','0','0','0','0','0','0','0'),(7,72,'22','23','1mlg','6mlg','Stays in bottom drawer','Leave sealed in container','Wilson','Yes','0','0','0','2','0','0','0','0','0','0','0','0','0'),(8,10006579,'0','0','0','0','0','0','0','0','0','0','0','0','0','0','0','0','0','0','0','0','0');
/*!40000 ALTER TABLE `PHARMACY_PRESCRIPTION_ORDER_SEGMENT` ENABLE KEYS */;
UNLOCK TABLES;

--
-- Table structure for table `PROCEDURES`
--

DROP TABLE IF EXISTS `PROCEDURES`;
/*!40101 SET @saved_cs_client     = @@character_set_client */;
/*!50503 SET character_set_client = utf8mb4 */;
CREATE TABLE `PROCEDURES` (
  `ID` int NOT NULL AUTO_INCREMENT,
  `PATIENT_VISIT_ID` int NOT NULL DEFAULT '0',
  `PROCEDURE_CODING_METHOD` varchar(50) NOT NULL DEFAULT '0',
  `PROCEDURE_CODE` varchar(50) NOT NULL DEFAULT '0',
  `PROCEDURE_DESCRIPTION` varchar(50) NOT NULL DEFAULT '0',
  `PROCEDURE_DATE_TIME` datetime NOT NULL,
  `PROCEDURE_FUNCTIONAL_TYPE` varchar(50) NOT NULL DEFAULT '0',
  `PROCEDURE_MINUTES` int NOT NULL DEFAULT '0',
  `ANESTHESIOLOGIST` varchar(50) NOT NULL DEFAULT '0',
  `ANESTHESIA_CODE` varchar(50) NOT NULL DEFAULT '0',
  `ANESTHESIA_MINUTES` int NOT NULL DEFAULT '0',
  `SURGEON` varchar(50) NOT NULL DEFAULT '0',
  `PROCEDURE_PRACTICTIONER` varchar(50) NOT NULL DEFAULT '0',
  `CONSENT_CODE` varchar(50) NOT NULL DEFAULT '0',
  `PROCEDURE_PRIORITY` int NOT NULL DEFAULT '0',
  `ASSOCIATED_DIAGNOSIS_CODE` varchar(50) NOT NULL DEFAULT '0',
  `PROCEDURE_CODE_MODIFIER` varchar(50) NOT NULL DEFAULT '0',
  `PROCEDURE_DRG_TYPE` varchar(50) NOT NULL DEFAULT '0',
  `TISSUE_TYPE_CODE` varchar(50) NOT NULL DEFAULT '0',
  `PROCEDURE_IDENTIFIER` varchar(50) NOT NULL DEFAULT '0',
  `PROCEDURE_ACTION_CODE` varchar(50) NOT NULL DEFAULT '0',
  `DRG_PROCEDURE_DETERMINATION_STATUS` varchar(50) NOT NULL DEFAULT '0',
  `DRG_PROCEDURE_RELEVANCE` varchar(50) NOT NULL DEFAULT '0',
  `TREATING_ORGANIZATIONAL_UNIT` varchar(50) NOT NULL DEFAULT '0',
  `RESPIRATORY_WITHIN_SURGERY` varchar(50) NOT NULL DEFAULT '0',
  `PARENT_PROCEDURE_ID` varchar(50) NOT NULL DEFAULT '0',
  PRIMARY KEY (`ID`)
) ENGINE=InnoDB AUTO_INCREMENT=5 DEFAULT CHARSET=utf8mb4 COLLATE=utf8mb4_0900_ai_ci;
/*!40101 SET character_set_client = @saved_cs_client */;

--
-- Dumping data for table `PROCEDURES`
--

LOCK TABLES `PROCEDURES` WRITE;
/*!40000 ALTER TABLE `PROCEDURES` DISABLE KEYS */;
INSERT INTO `PROCEDURES` VALUES (2,20,'0','0','Surgery on broken leg','2021-03-27 16:51:09','0',0,'0','0',0,'0','0','0',0,'0','0','0','0','0','0','0','0','0','0','0'),(3,23,'0','0','Taking cough medicine','2021-04-22 01:41:17','0',0,'0','0',0,'0','0','0',0,'0','0','0','0','0','0','0','0','0','0','0'),(4,10006579,'0','0','0','2021-05-07 01:12:06','0',0,'0','0',0,'0','0','0',0,'0','0','0','0','0','0','0','0','0','0','0');
/*!40000 ALTER TABLE `PROCEDURES` ENABLE KEYS */;
UNLOCK TABLES;

--
-- Table structure for table `REFERRAL_INFORMATION`
--

DROP TABLE IF EXISTS `REFERRAL_INFORMATION`;
/*!40101 SET @saved_cs_client     = @@character_set_client */;
/*!50503 SET character_set_client = utf8mb4 */;
CREATE TABLE `REFERRAL_INFORMATION` (
  `ID` int NOT NULL AUTO_INCREMENT,
  `PATIENT_ID` int NOT NULL DEFAULT '0',
  `REFERRAL_STATUS` varchar(50) DEFAULT NULL,
  `REFERRAL_PRIORITY` varchar(50) DEFAULT NULL,
  `REFERRAL_TYPE` varchar(50) DEFAULT NULL,
  `REFERRAL_DISPOSITION` varchar(50) DEFAULT NULL,
  `REFERRAL_CATEGORY` varchar(50) DEFAULT NULL,
  `ORIGINATING_REFERRAL_IDENTIFIER` varchar(50) DEFAULT NULL,
  `EFFECTIVE_DATE` datetime DEFAULT NULL,
  `EXPIRATION_DATE` datetime DEFAULT NULL,
  `PROCESS_DATE` datetime DEFAULT NULL,
  `REFERRAL_REASON` varchar(50) DEFAULT NULL,
  `EXTERNAL_REFERRAL_IDENTIFIER` varchar(50) DEFAULT NULL,
  `REFERRAL_DOCUMENTATION_COMPLETION_STATUS` varchar(50) DEFAULT NULL,
  `PLANNED_TREATMENT_STATUS_STOP_DATE` datetime DEFAULT NULL,
  `REFERRAL_REASON_TEXT` varchar(50) DEFAULT NULL,
  `NUMBER_OF_AUTHORIZED_TREATMENTS` varchar(50) DEFAULT NULL,
  `NUMBER_OF_USED_TREATMENTS` varchar(50) DEFAULT NULL,
  `NUMBER_OF_SCHEDULED_TREATMENTS` varchar(50) DEFAULT NULL,
  `REMAINING_BENEFIT_AMOUNT` varchar(50) DEFAULT NULL,
  `AUTHORIZED_PROVIDER` varchar(50) DEFAULT NULL,
  `AUTHORIZED_HEALTH_PROFESSIONAL` varchar(50) DEFAULT NULL,
  `SOURCE_TEXT` varchar(50) DEFAULT NULL,
  `SOURCE_DATE` datetime DEFAULT NULL,
  `SOURCE_PHONE` varchar(50) DEFAULT NULL,
  `COMMENT` varchar(50) DEFAULT NULL,
  `ACTION_CODE` varchar(50) DEFAULT NULL,
  PRIMARY KEY (`ID`)
) ENGINE=InnoDB DEFAULT CHARSET=utf8mb4 COLLATE=utf8mb4_0900_ai_ci;
/*!40101 SET character_set_client = @saved_cs_client */;

--
-- Dumping data for table `REFERRAL_INFORMATION`
--

LOCK TABLES `REFERRAL_INFORMATION` WRITE;
/*!40000 ALTER TABLE `REFERRAL_INFORMATION` DISABLE KEYS */;
/*!40000 ALTER TABLE `REFERRAL_INFORMATION` ENABLE KEYS */;
UNLOCK TABLES;

--
-- Table structure for table `RESOURCE_GROUP`
--

DROP TABLE IF EXISTS `RESOURCE_GROUP`;
/*!40101 SET @saved_cs_client     = @@character_set_client */;
/*!50503 SET character_set_client = utf8mb4 */;
CREATE TABLE `RESOURCE_GROUP` (
  `ID` int NOT NULL AUTO_INCREMENT,
  `SCHEDULE_ID` int NOT NULL DEFAULT '0',
  `SEGMENT_ACTION_CODE` varchar(50) NOT NULL DEFAULT '0',
  `RESOURCE_GROUP_ID` varchar(50) NOT NULL DEFAULT '0',
  PRIMARY KEY (`ID`)
) ENGINE=InnoDB AUTO_INCREMENT=26 DEFAULT CHARSET=utf8mb4 COLLATE=utf8mb4_0900_ai_ci;
/*!40101 SET character_set_client = @saved_cs_client */;

--
-- Dumping data for table `RESOURCE_GROUP`
--

LOCK TABLES `RESOURCE_GROUP` WRITE;
/*!40000 ALTER TABLE `RESOURCE_GROUP` DISABLE KEYS */;
/*!40000 ALTER TABLE `RESOURCE_GROUP` ENABLE KEYS */;
UNLOCK TABLES;

--
-- Table structure for table `ROLES`
--

DROP TABLE IF EXISTS `ROLES`;
/*!40101 SET @saved_cs_client     = @@character_set_client */;
/*!50503 SET character_set_client = utf8mb4 */;
CREATE TABLE `ROLES` (
  `USER_ID` int NOT NULL DEFAULT '0',
  `EMAIL` varchar(2056) DEFAULT NULL,
  `LAST_NAME` varchar(50) NOT NULL,
  `FIRST_NAME` varchar(50) NOT NULL,
  `PASSWORD` varchar(2056) DEFAULT NULL,
  `ROLE` varchar(30) NOT NULL DEFAULT '""',
  `IS_ACTIVE` int NOT NULL DEFAULT '1'
) ENGINE=InnoDB DEFAULT CHARSET=utf8mb4 COLLATE=utf8mb4_0900_ai_ci;
/*!40101 SET character_set_client = @saved_cs_client */;

--
-- Dumping data for table `ROLES`
--

LOCK TABLES `ROLES` WRITE;
/*!40000 ALTER TABLE `ROLES` DISABLE KEYS */;
INSERT INTO `ROLES` VALUES (31,'109717bb9e2b06a50861f63b955908ac1f4b9e2ff483a3a0ef59151b0b94d599','Nickerson','Aubrey','f41b423d2e61b5f7eeba488757159ec3','Doctor',1),(45,'a09047c665f3329d367567b2f1d0e8fb','Behnke','James','82ba13b7bb06c00c22f6327f7ad21839','Doctor',1),(78,'40af09b732cbe22a0e0e12caf24a8b2fb4a55daf0333c398780aa8a3616e710d','Canuel','Keaton','18415e8b307730e8acd3c6faca32bf18','Patient',1),(22,'f0d7c8f3db64481767c3c40dfa119fc9059efb98a6fbb1949265d394d06ab1b4','Egely','Joseph','474db0c6dbfd6ae56d306d53d76638b3','Administrator',1),(55,'635ad5024dc99e6c51f6a0e28a800312','Mai','Bao','0052b89264868abb37061bc24017cd8e','Physician',1),(54,'1af3e60c5737edd06bbb711c9d4c0a458dc7af5917553ba88b1bede2fc7497ac','Manchee','Derek','0052b89264868abb37061bc24017cd8e','Patient',1),(72,'mikey@gmail.com','Joe','Mikey','letmein','Patient',0),(121,'sdgdfs','Marley','Bob','dfdg','Patient',0),(431,'aasdfqoiweurnv','Hill','Bobby','asdfjowinvlad','Patient',0),(444,'jaskd92834hdv81jk12','Marley','Stevey','asdfasdferqetqwevr','Patient',1),(567,'jklasdnvnkl134190bnkjhk123','Ross','Bob','jlkasd02nlkdjkl1jlkasdfn','Patient',1),(10006579,'asdfjwqlnvadsf','Duck','Donald','kasjd0fnjkl2kln09adsnfxc01','Patient',1);
/*!40000 ALTER TABLE `ROLES` ENABLE KEYS */;
UNLOCK TABLES;

--
-- Table structure for table `SCHEDULING_ACTIVITY_INFORMATION`
--

DROP TABLE IF EXISTS `SCHEDULING_ACTIVITY_INFORMATION`;
/*!40101 SET @saved_cs_client     = @@character_set_client */;
/*!50503 SET character_set_client = utf8mb4 */;
CREATE TABLE `SCHEDULING_ACTIVITY_INFORMATION` (
  `ID` int NOT NULL AUTO_INCREMENT,
  `PATIENT_ID` int NOT NULL,
  `PLACER_APPOINTMENT_ID` varchar(50) NOT NULL DEFAULT '',
  `FILLER_APPOINTMENT_ID` varchar(50) NOT NULL DEFAULT '',
  `OCCURENCE_NUMBER` varchar(50) NOT NULL DEFAULT '',
  `PLACER_GROUP_NUMBER` varchar(50) NOT NULL DEFAULT '',
  `SCHEDULE_ID` varchar(50) NOT NULL DEFAULT '',
  `EVENT_REASON` varchar(50) NOT NULL DEFAULT '',
  `APPOINTMENT_REASON` varchar(50) NOT NULL DEFAULT '',
  `APPOINTMENT_TYPE` varchar(50) NOT NULL DEFAULT '',
  `APPOINTMENT_DURATION` varchar(50) NOT NULL DEFAULT '',
  `APPOINTMENT_DURATION_UNITS` varchar(50) NOT NULL DEFAULT '',
  `APPOINTMENT_TIMING_QUANTITY` varchar(50) NOT NULL DEFAULT '',
  `PLACER_CONTACT_PERSON` varchar(50) NOT NULL DEFAULT '',
  `PLACER_CONTACT_PHONE` varchar(50) NOT NULL DEFAULT '',
  `PLACER_CONTACT_ADDRESS` varchar(50) NOT NULL DEFAULT '',
  `PLACER_CONTACT_LOCATION` varchar(50) NOT NULL DEFAULT '',
  `FILLER_CONTACT_PERSON` varchar(50) NOT NULL DEFAULT '',
  `FILLER_CONTACT_PHONE` varchar(50) NOT NULL DEFAULT '',
  `FILLER_CONTACT_ADDRESS` varchar(50) NOT NULL DEFAULT '',
  `FILLER_CONTACT_LOCATION` varchar(50) NOT NULL DEFAULT '',
  `ENTERED_BY_PERSON` varchar(50) NOT NULL DEFAULT '',
  `ENTERED_BY_PHONE` varchar(50) NOT NULL DEFAULT '',
  `ENTERED_BY_LOCATION` varchar(50) NOT NULL DEFAULT '',
  `PARENT_PLACER_APPOINTMENT_ID` varchar(50) NOT NULL DEFAULT '',
  `PARENT_FILLER_APPOINTMENT_ID` varchar(50) NOT NULL DEFAULT '',
  `FILLER_STATUS_CODE` varchar(50) NOT NULL DEFAULT '',
  `PLACER_ORDER_NUMBER` varchar(50) NOT NULL DEFAULT '',
  `FILLER_ORDER_NUMBER` varchar(50) NOT NULL DEFAULT '',
  PRIMARY KEY (`ID`)
) ENGINE=InnoDB AUTO_INCREMENT=32 DEFAULT CHARSET=utf8mb4 COLLATE=utf8mb4_0900_ai_ci;
/*!40101 SET character_set_client = @saved_cs_client */;

--
-- Dumping data for table `SCHEDULING_ACTIVITY_INFORMATION`
--

LOCK TABLES `SCHEDULING_ACTIVITY_INFORMATION` WRITE;
/*!40000 ALTER TABLE `SCHEDULING_ACTIVITY_INFORMATION` DISABLE KEYS */;
INSERT INTO `SCHEDULING_ACTIVITY_INFORMATION` VALUES (1,78,'','','','','FRF32','','FLU','SICK','567','565','','','','','','','','','','','','','','','','',''),(2,54,'','','','','HY5GW','','COLD','SICK','343','121','','','','','','','','','','','','','','','','',''),(3,72,'','','','','JKW3222','','BROKEN LEG','HURT','432','222','','','','','','','','','','','','','','','','',''),(4,121,'','','','','VCV6777','','LITTLE CUT','HURT','111','432','','','','','','','','','','','','','','','','',''),(31,10006579,'','','','','HDFD6','','AMNESIA','SICK','367','121','','','','','','','','','','','','','','','','','');
/*!40000 ALTER TABLE `SCHEDULING_ACTIVITY_INFORMATION` ENABLE KEYS */;
UNLOCK TABLES;

--
-- Table structure for table `TIMING_QUANTITY`
--

DROP TABLE IF EXISTS `TIMING_QUANTITY`;
/*!40101 SET @saved_cs_client     = @@character_set_client */;
/*!50503 SET character_set_client = utf8mb4 */;
CREATE TABLE `TIMING_QUANTITY` (
  `ID` int NOT NULL AUTO_INCREMENT,
  `SCHEDULE_ID` varchar(50) NOT NULL DEFAULT '0',
  `QUANTITY` varchar(50) NOT NULL DEFAULT '0',
  `REPEAT_PATTERN` varchar(50) NOT NULL DEFAULT '0',
  `EXPLICIT_TIME` varchar(50) NOT NULL DEFAULT '0',
  `RELATIVE_TIME_IN_UNITS` varchar(50) NOT NULL DEFAULT '0',
  `SERVICE_DURATION` varchar(50) NOT NULL DEFAULT '0',
  `START_DATE_TIME` datetime NOT NULL,
  `END_DATE_TIME` datetime NOT NULL,
  `PRIORITY` varchar(50) NOT NULL DEFAULT '',
  `CONDITION_TEXT` varchar(50) NOT NULL DEFAULT '',
  `TEXT_INSTRUCTION` varchar(50) NOT NULL DEFAULT '',
  `CONJUCTION` varchar(50) NOT NULL DEFAULT '',
  `OCCURENCE_DURATION` varchar(50) NOT NULL DEFAULT '',
  `TOTAL_OCCURENCES` varchar(50) NOT NULL DEFAULT '',
  PRIMARY KEY (`ID`)
) ENGINE=InnoDB AUTO_INCREMENT=5 DEFAULT CHARSET=utf8mb4 COLLATE=utf8mb4_0900_ai_ci;
/*!40101 SET character_set_client = @saved_cs_client */;

--
-- Dumping data for table `TIMING_QUANTITY`
--

LOCK TABLES `TIMING_QUANTITY` WRITE;
/*!40000 ALTER TABLE `TIMING_QUANTITY` DISABLE KEYS */;
INSERT INTO `TIMING_QUANTITY` VALUES (1,'FRF32','0','0','0','0','0','2021-05-24 13:45:03','2021-06-24 13:45:06','','','','','',''),(2,'HY5GW','0','0','0','0','0','2021-06-24 13:46:57','2021-07-24 13:46:59','','','','','',''),(3,'JKW3222','0','0','0','0','0','2021-07-24 13:49:33','2021-08-24 13:49:35','','','','','',''),(4,'VCV6777','0','0','0','0','0','2021-08-24 13:52:08','2021-09-24 13:52:09','','','','','','');
/*!40000 ALTER TABLE `TIMING_QUANTITY` ENABLE KEYS */;
UNLOCK TABLES;

--
-- Table structure for table `UB82`
--

DROP TABLE IF EXISTS `UB82`;
/*!40101 SET @saved_cs_client     = @@character_set_client */;
/*!50503 SET character_set_client = utf8mb4 */;
CREATE TABLE `UB82` (
  `UB82ID` int NOT NULL AUTO_INCREMENT,
  `PATIENT_ID` int DEFAULT NULL,
  `BLOOD_DEDUCTIBLE` varchar(50) DEFAULT NULL,
  `BLOOD_FURNISHED_PINTS` varchar(50) DEFAULT NULL,
  `BLOOD_REPLACED_PINTS` varchar(50) DEFAULT NULL,
  `BLOOD_NOT_REPLACED_PINTS` varchar(50) DEFAULT NULL,
  `CO_INSURANCE_DAYS` varchar(50) DEFAULT NULL,
  `CONDITION_CODE` varchar(50) DEFAULT NULL,
  `COVERED_DAYS` varchar(50) DEFAULT NULL,
  `NON_COVERED_DAYS` varchar(50) DEFAULT NULL,
  `VALUE_AMOUNT_AND_CODE` varchar(50) DEFAULT NULL,
  `NUMBER_OF_GRACE_DAYS` varchar(50) DEFAULT NULL,
  `SPECIAL_PROGRAM_INDICATOR` varchar(50) DEFAULT NULL,
  `PSRO_UR_APPROVAL_INDICATOR` varchar(50) DEFAULT NULL,
  `PSRO_UR_APPROVED_STAY_FM` varchar(50) DEFAULT NULL,
  `PSRO_UR_APPROVED_STAY_TO` varchar(50) DEFAULT NULL,
  `OCCURRENCE` varchar(50) DEFAULT NULL,
  `OCCURRENCE_SPAN` varchar(50) DEFAULT NULL,
  `OCCURRENCE_SPAN_START_DATE` varchar(50) DEFAULT NULL,
  `OCCURRENCE_SPAN_END_DATE` varchar(50) DEFAULT NULL,
  `UB_82_LOCATOR_2` varchar(50) DEFAULT NULL,
  `UB_82_LOCATOR_9` varchar(50) DEFAULT NULL,
  `UB_82_LOCATOR_27` varchar(50) DEFAULT NULL,
  `UB_82_LOCATOR_45` varchar(50) DEFAULT NULL,
  PRIMARY KEY (`UB82ID`)
) ENGINE=InnoDB DEFAULT CHARSET=utf8mb4 COLLATE=utf8mb4_0900_ai_ci;
/*!40101 SET character_set_client = @saved_cs_client */;

--
-- Dumping data for table `UB82`
--

LOCK TABLES `UB82` WRITE;
/*!40000 ALTER TABLE `UB82` DISABLE KEYS */;
/*!40000 ALTER TABLE `UB82` ENABLE KEYS */;
UNLOCK TABLES;

--
-- Table structure for table `UNIFORM_BILLING_DATA`
--

DROP TABLE IF EXISTS `UNIFORM_BILLING_DATA`;
/*!40101 SET @saved_cs_client     = @@character_set_client */;
/*!50503 SET character_set_client = utf8mb4 */;
CREATE TABLE `UNIFORM_BILLING_DATA` (
  `ID` int NOT NULL AUTO_INCREMENT,
  `PATIENT_ID` int NOT NULL DEFAULT '0',
  `CO_INSURANCE_DAYS` varchar(50) NOT NULL DEFAULT '0',
  `CONDITION_CODE` varchar(50) NOT NULL DEFAULT '0',
  `COVERED_DAYS` varchar(50) NOT NULL DEFAULT '0',
  `NON_COVERED_DAYS` varchar(50) NOT NULL DEFAULT '0',
  `VALUE_AMOUNT_AND_CODE` varchar(50) NOT NULL DEFAULT '0',
  `OCCURENCE_CODE_AND_DATE` varchar(50) NOT NULL DEFAULT '0',
  `OCCURENCE_SPAN_CODE_DATES` varchar(50) NOT NULL DEFAULT '0',
  `UB92LOCATOR2` varchar(50) NOT NULL DEFAULT '0',
  `UB92LOCATOR11` varchar(50) NOT NULL DEFAULT '0',
  `UB92LOCATOR31` varchar(50) NOT NULL DEFAULT '0',
  `DOCUMENT_CONTROL_NUMBER` varchar(50) NOT NULL DEFAULT '0',
  `UB92LOCATOR49` varchar(50) NOT NULL DEFAULT '0',
  `UB92LOCATOR56` varchar(50) NOT NULL DEFAULT '0',
  `UB92LOCATOR57` varchar(50) NOT NULL DEFAULT '0',
  `UB92LOCATOR78` varchar(50) NOT NULL DEFAULT '0',
  `SPECIAL_VISIT_COUNT` double NOT NULL DEFAULT '0',
  PRIMARY KEY (`ID`)
) ENGINE=InnoDB DEFAULT CHARSET=utf8mb4 COLLATE=utf8mb4_0900_ai_ci;
/*!40101 SET character_set_client = @saved_cs_client */;

--
-- Dumping data for table `UNIFORM_BILLING_DATA`
--

LOCK TABLES `UNIFORM_BILLING_DATA` WRITE;
/*!40000 ALTER TABLE `UNIFORM_BILLING_DATA` DISABLE KEYS */;
/*!40000 ALTER TABLE `UNIFORM_BILLING_DATA` ENABLE KEYS */;
UNLOCK TABLES;
/*!40103 SET TIME_ZONE=@OLD_TIME_ZONE */;

/*!40101 SET SQL_MODE=@OLD_SQL_MODE */;
/*!40014 SET FOREIGN_KEY_CHECKS=@OLD_FOREIGN_KEY_CHECKS */;
/*!40014 SET UNIQUE_CHECKS=@OLD_UNIQUE_CHECKS */;
/*!40101 SET CHARACTER_SET_CLIENT=@OLD_CHARACTER_SET_CLIENT */;
/*!40101 SET CHARACTER_SET_RESULTS=@OLD_CHARACTER_SET_RESULTS */;
/*!40101 SET COLLATION_CONNECTION=@OLD_COLLATION_CONNECTION */;
/*!40111 SET SQL_NOTES=@OLD_SQL_NOTES */;

-- Dump completed on 2021-04-29  4:51:59
